0001,19.10.2014,07,11,21,22,25,02
0002,22.10.2014,02,09,12,18,25,01
0003,26.10.2014,01,18,19,22,31,02
0004,29.10.2014,05,08,28,31,35,02
0005,02.11.2014,13,15,17,19,34,04
0006,05.11.2014,10,13,26,32,34,04
0007,09.11.2014,04,07,10,27,35,02
0008,12.11.2014,01,08,11,14,17,03
0009,16.11.2014,02,10,17,26,30,04
0010,19.11.2014,03,05,09,10,32,04
0011,23.11.2014,13,14,21,25,28,04
0012,26.11.2014,09,15,25,27,35,03
0013,30.11.2014,02,17,18,20,31,01
0014,03.12.2014,03,04,06,10,22,03
0015,07.12.2014,02,06,10,14,27,01
0016,10.12.2014,07,12,15,24,34,01
0017,14.12.2014,06,07,12,13,26,03
0018,17.12.2014,05,09,12,13,28,02
0019,21.12.2014,02,13,16,20,22,01
0020,24.12.2014,07,13,20,25,33,04
0021,28.12.2014,03,05,12,19,35,02
0022,31.12.2014,03,04,07,16,29,03
0023,04.01.2015,01,08,20,22,35,02
0024,07.01.2015,02,06,07,10,35,02
0025,11.01.2015,04,06,09,28,32,04
0026,14.01.2015,04,06,17,19,20,02
0027,18.01.2015,03,15,17,25,35,03
0028,21.01.2015,04,13,18,21,33,02
0029,25.01.2015,05,11,12,24,30,02
0030,28.01.2015,04,06,09,14,19,03
0031,01.02.2015,02,13,19,27,29,02
0032,04.02.2015,01,13,14,21,27,03
0033,08.02.2015,21,27,30,31,33,03
0034,11.02.2015,01,25,30,31,35,01
0035,15.02.2015,01,03,06,20,26,04
0036,18.02.2015,12,13,22,24,34,02
0037,22.02.2015,06,13,15,23,30,03
0038,25.02.2015,04,13,16,22,25,04
0039,01.03.2015,03,13,14,16,35,03
0040,04.03.2015,01,14,30,31,35,02
0041,08.03.2015,07,08,16,21,23,04
0042,11.03.2015,01,09,12,23,30,02
0043,15.03.2015,15,23,25,29,33,02
0044,18.03.2015,04,06,17,26,28,03
0045,22.03.2015,04,06,08,13,27,04
0046,25.03.2015,12,21,23,27,32,04
0047,29.03.2015,07,12,15,18,27,04
0048,01.04.2015,09,13,21,25,34,03
0049,05.04.2015,01,08,14,22,33,04
0050,08.04.2015,03,06,08,19,32,02
0051,12.04.2015,04,20,24,31,35,04
0052,15.04.2015,02,17,18,30,33,01
0053,19.04.2015,07,13,20,31,35,03
0054,22.04.2015,06,10,18,21,30,01
0055,26.04.2015,05,06,19,23,24,04
0056,29.04.2015,03,09,28,29,31,04
0057,03.05.2015,05,10,20,29,32,01
0058,06.05.2015,10,13,21,29,34,04
0059,10.05.2015,01,05,12,18,31,04
0060,13.05.2015,02,03,13,26,29,02
0061,17.05.2015,05,16,24,28,34,04
0062,20.05.2015,10,17,19,23,33,02
0063,24.05.2015,07,15,17,23,31,02
0064,27.05.2015,11,25,28,29,34,02
0065,31.05.2015,03,06,16,20,31,02
0066,03.06.2015,02,09,19,23,29,01
0067,07.06.2015,01,07,17,21,30,01
0068,10.06.2015,01,07,14,15,23,03
0069,14.06.2015,01,02,08,30,35,03
0070,17.06.2015,01,09,21,23,27,03
0071,21.06.2015,02,12,13,18,27,04
0072,24.06.2015,01,02,14,27,32,03
0073,28.06.2015,02,18,19,30,35,01
0074,01.07.2015,05,09,12,30,33,04
0075,05.07.2015,01,05,09,11,19,01
0076,08.07.2015,06,07,13,17,18,02
0077,12.07.2015,01,09,10,24,29,03
0078,15.07.2015,01,05,07,13,24,04
0079,19.07.2015,01,06,09,21,23,04
0080,22.07.2015,05,10,14,31,32,02
0081,26.07.2015,13,27,29,32,35,04
0082,29.07.2015,14,24,27,31,33,01
0083,02.08.2015,02,07,25,27,28,04
0084,05.08.2015,02,05,15,16,29,02
0085,09.08.2015,05,09,17,20,33,04
0086,12.08.2015,06,07,13,32,35,03
0087,16.08.2015,02,12,14,16,34,01
0088,19.08.2015,06,09,17,19,35,02
0089,23.08.2015,10,24,28,30,31,04
0090,26.08.2015,01,07,10,11,25,01
0091,30.08.2015,04,05,22,23,25,01
0092,02.09.2015,10,12,14,33,34,01
0093,06.09.2015,05,07,12,16,24,02
0094,09.09.2015,01,07,18,31,34,02
0095,11.09.2015,08,15,18,22,33,02
0096,13.09.2015,11,15,18,21,34,03
0097,16.09.2015,07,16,19,29,34,02
0098,18.09.2015,05,15,18,27,29,02
0099,20.09.2015,08,10,13,15,34,04
0100,23.09.2015,04,20,23,29,30,01
0101,25.09.2015,07,09,17,22,30,02
0102,27.09.2015,04,06,10,18,22,01
0103,30.09.2015,01,09,13,23,28,02
0104,02.10.2015,04,13,15,16,27,03
0105,04.10.2015,07,14,23,33,34,04
0106,07.10.2015,01,06,08,14,17,01
0107,09.10.2015,16,18,24,25,29,02
0108,11.10.2015,01,03,10,22,28,03
0109,14.10.2015,08,12,14,20,27,03
0110,16.10.2015,03,11,22,23,27,01
0111,18.10.2015,02,04,19,20,35,04
0112,21.10.2015,09,13,15,17,33,03
0113,23.10.2015,04,22,26,29,30,02
0114,25.10.2015,08,13,16,21,26,02
0115,28.10.2015,15,18,20,22,31,03
0116,30.10.2015,03,05,16,28,35,01
0117,01.11.2015,10,11,20,21,31,01
0118,04.11.2015,06,07,17,27,35,02
0119,06.11.2015,14,23,25,32,35,01
0120,08.11.2015,02,06,16,24,26,03
0121,11.11.2015,04,08,13,17,27,03
0122,13.11.2015,01,03,04,25,31,04
0123,15.11.2015,04,08,12,13,19,04
0124,18.11.2015,08,14,20,22,24,02
0125,20.11.2015,05,14,20,30,35,01
0126,22.11.2015,06,07,10,13,34,02
0127,25.11.2015,05,14,21,25,29,02
0128,27.11.2015,02,04,05,16,23,03
0129,29.11.2015,05,13,21,27,35,02
0130,02.12.2015,12,14,22,29,35,01
0131,04.12.2015,07,09,13,20,33,03
0132,06.12.2015,01,07,17,28,32,03
0133,09.12.2015,03,09,17,25,31,02
0134,11.12.2015,20,22,24,27,34,02
0135,13.12.2015,12,15,16,23,24,02
0136,16.12.2015,05,12,24,28,31,01
0137,18.12.2015,05,20,21,23,28,04
0138,20.12.2015,09,11,16,18,28,02
0139,23.12.2015,01,08,24,26,30,03
0140,25.12.2015,02,03,11,16,25,03
0141,27.12.2015,02,06,11,18,32,02
0142,30.12.2015,01,05,07,32,35,03
0143,01.01.2016,05,08,09,14,16,03
0144,03.01.2016,04,09,24,28,35,01
0145,06.01.2016,10,15,22,26,35,02
0146,08.01.2016,06,19,26,31,35,01
0147,10.01.2016,07,14,18,21,32,01
0148,13.01.2016,06,15,18,32,35,03
0149,15.01.2016,09,14,19,29,33,01
0150,17.01.2016,17,21,25,26,33,04
0151,20.01.2016,07,13,14,23,27,02
0152,22.01.2016,06,18,19,23,29,04
0153,24.01.2016,09,25,27,32,34,02
0154,27.01.2016,01,03,15,23,27,01
0155,29.01.2016,01,06,09,13,26,02
0156,31.01.2016,03,06,20,23,26,02
0157,03.02.2016,04,09,10,23,32,04
0158,05.02.2016,16,20,22,28,30,04
0159,07.02.2016,01,02,10,28,33,03
0160,10.02.2016,07,15,22,26,27,03
0161,12.02.2016,14,16,26,28,32,01
0162,14.02.2016,04,09,14,19,24,03
0163,17.02.2016,05,06,18,20,33,01
0164,19.02.2016,08,20,28,32,34,03
0165,21.02.2016,01,03,27,29,33,03
0166,24.02.2016,01,24,29,33,34,03
0167,26.02.2016,20,23,26,30,33,02
0168,28.02.2016,13,14,15,16,22,03
0169,02.03.2016,01,09,15,28,29,02
0170,04.03.2016,09,11,15,23,31,04
0171,06.03.2016,05,09,15,24,33,04
0172,09.03.2016,03,07,12,18,21,03
0173,11.03.2016,04,17,20,24,27,04
0174,13.03.2016,06,14,17,18,27,03
0175,16.03.2016,14,17,19,23,28,02
0176,18.03.2016,07,09,14,22,34,02
0177,20.03.2016,17,18,24,25,31,01
0178,23.03.2016,10,15,17,20,35,02
0179,25.03.2016,04,05,06,09,14,03
0180,27.03.2016,15,18,21,28,29,03
0181,30.03.2016,11,14,29,34,35,04
0182,01.04.2016,06,12,16,17,23,03
0183,03.04.2016,18,22,24,28,32,04
0184,06.04.2016,01,02,20,29,33,02
0185,08.04.2016,05,06,17,33,35,03
0186,10.04.2016,13,16,19,24,28,01
0187,13.04.2016,03,09,14,16,24,03
0188,15.04.2016,06,08,12,29,30,02
0189,17.04.2016,02,06,10,14,31,01
0190,20.04.2016,02,19,23,24,26,04
0191,22.04.2016,02,11,18,21,27,02
0192,24.04.2016,02,13,14,28,33,03
0193,27.04.2016,08,19,24,26,35,01
0194,29.04.2016,13,15,21,33,35,04
0195,01.05.2016,07,09,20,33,34,02
0196,04.05.2016,02,13,16,22,32,02
0197,06.05.2016,26,27,30,32,34,01
0198,08.05.2016,05,10,14,24,28,02
0199,11.05.2016,08,18,27,29,35,03
0200,13.05.2016,03,05,28,30,32,01
0201,15.05.2016,14,20,27,30,33,03
0202,18.05.2016,04,09,17,26,31,03
0203,20.05.2016,06,08,26,27,28,03
0204,22.05.2016,06,09,16,20,29,03
0205,25.05.2016,04,05,10,14,30,02
0206,27.05.2016,02,09,18,19,35,04
0207,29.05.2016,01,14,17,26,27,04
0208,01.06.2016,02,08,09,24,35,03
0209,03.06.2016,08,09,19,23,28,02
0210,05.06.2016,11,13,16,21,31,02
0211,08.06.2016,13,21,29,31,35,01
0212,10.06.2016,05,18,19,20,31,01
0213,12.06.2016,02,12,26,33,34,04
0214,15.06.2016,10,14,17,18,27,02
0215,17.06.2016,02,07,10,16,22,01
0216,19.06.2016,07,13,14,18,24,03
0217,22.06.2016,03,10,16,22,29,04
0218,24.06.2016,03,09,19,30,32,03
0219,26.06.2016,02,05,17,21,30,04
0220,29.06.2016,09,10,11,19,22,03
0221,01.07.2016,13,16,19,25,32,04
0222,03.07.2016,01,15,19,20,33,04
0223,06.07.2016,05,06,08,22,31,01
0224,08.07.2016,04,08,19,24,34,02
0225,10.07.2016,08,18,27,34,35,04
0226,13.07.2016,02,08,20,25,29,02
0227,15.07.2016,07,09,11,32,34,02
0228,17.07.2016,04,08,09,34,35,03
0229,20.07.2016,01,06,14,24,31,04
0230,22.07.2016,02,04,19,24,31,04
0231,24.07.2016,17,18,23,25,35,01
0232,27.07.2016,11,12,24,33,35,03
0233,29.07.2016,16,19,24,27,35,03
0234,31.07.2016,11,16,21,25,31,02
0235,03.08.2016,05,12,14,24,26,03
0236,05.08.2016,02,05,15,18,33,03
0237,07.08.2016,03,04,06,24,33,03
0238,10.08.2016,12,13,16,20,26,03
0239,12.08.2016,13,15,19,24,29,01
0240,14.08.2016,01,07,13,17,32,01
0241,17.08.2016,06,12,22,27,33,04
0242,19.08.2016,11,14,19,28,32,04
0243,21.08.2016,02,07,08,12,14,04
0244,24.08.2016,12,19,21,26,33,04
0245,26.08.2016,01,02,10,16,21,02
0246,28.08.2016,01,04,11,20,22,01
0247,31.08.2016,03,09,17,30,35,04
0248,02.09.2016,09,16,22,33,35,03
0249,04.09.2016,05,07,09,23,33,01
0250,07.09.2016,05,16,18,23,35,01
0251,09.09.2016,18,21,28,29,34,03
0252,11.09.2016,01,07,24,27,34,01
0253,14.09.2016,13,16,24,29,32,03
0254,16.09.2016,01,07,16,19,29,04
0255,18.09.2016,09,14,16,19,23,02
0256,21.09.2016,10,13,17,23,28,04
0257,23.09.2016,14,18,26,30,34,02
0258,25.09.2016,07,10,14,20,30,02
0259,28.09.2016,11,20,25,29,32,04
0260,30.09.2016,05,09,16,20,25,03
0261,02.10.2016,16,17,21,27,32,03
0262,05.10.2016,15,24,26,27,34,03
0263,07.10.2016,03,06,15,28,34,01
0264,09.10.2016,03,07,12,22,24,01
0265,12.10.2016,01,09,10,18,25,01
0266,14.10.2016,05,11,21,24,32,02
0267,16.10.2016,09,21,26,27,34,02
0268,19.10.2016,02,15,16,23,35,01
0269,21.10.2016,08,10,19,30,32,01
0270,23.10.2016,15,24,26,28,35,01
0271,26.10.2016,15,16,17,18,24,04
0272,28.10.2016,05,14,21,26,31,02
0273,30.10.2016,18,22,23,31,33,02
0274,02.11.2016,01,07,08,18,28,01
0275,04.11.2016,04,07,09,16,26,01
0276,06.11.2016,13,21,22,29,35,01
0277,09.11.2016,06,09,14,19,23,04
0278,11.11.2016,02,04,08,22,30,04
0279,13.11.2016,02,06,13,19,23,01
0280,16.11.2016,05,06,27,29,32,02
0281,18.11.2016,17,19,28,29,31,04
0282,20.11.2016,13,18,24,26,34,04
0283,23.11.2016,09,19,24,28,30,04
0284,25.11.2016,05,06,12,18,32,01
0285,27.11.2016,07,16,17,22,31,01
0286,30.11.2016,04,07,08,12,30,01
0287,02.12.2016,08,10,12,28,35,01
0288,04.12.2016,05,09,22,31,35,03
0289,07.12.2016,03,12,19,25,32,02
0290,09.12.2016,10,22,25,32,33,01
0291,11.12.2016,12,19,21,23,25,03
0292,14.12.2016,01,02,08,10,30,04
0293,16.12.2016,07,20,22,23,29,01
0294,18.12.2016,12,16,22,23,24,04
0295,21.12.2016,02,17,18,22,25,01
0296,23.12.2016,02,05,08,09,12,03
0297,25.12.2016,07,09,13,14,17,04
0298,28.12.2016,11,18,19,21,23,03
0299,30.12.2016,08,09,13,21,29,02
0300,01.01.2017,19,21,22,32,33,03
0301,04.01.2017,11,15,17,25,32,02
0302,06.01.2017,01,06,16,23,30,01
0303,08.01.2017,06,11,18,26,34,04
0304,11.01.2017,08,11,19,27,29,01
0305,13.01.2017,08,14,16,17,21,01
0306,15.01.2017,02,03,05,23,31,03
0307,18.01.2017,02,07,08,32,33,04
0308,20.01.2017,07,15,17,27,32,03
0309,22.01.2017,05,12,18,27,31,04
0310,25.01.2017,06,08,11,17,27,04
0311,27.01.2017,05,10,13,15,21,02
0312,29.01.2017,07,16,23,28,35,01
0313,01.02.2017,12,17,20,27,30,03
0314,03.02.2017,01,07,13,29,31,01
0315,05.02.2017,06,23,31,33,35,01
0316,08.02.2017,01,07,16,18,27,02
0317,10.02.2017,14,15,22,27,28,04
0318,12.02.2017,04,07,14,19,29,01
0319,15.02.2017,02,04,17,18,30,04
0320,17.02.2017,13,16,18,26,35,03
0321,19.02.2017,24,27,29,31,35,03
0322,22.02.2017,05,24,25,26,35,03
0323,24.02.2017,13,16,17,18,23,02
0324,26.02.2017,09,20,21,25,27,03
0325,01.03.2017,09,21,26,27,30,01
0326,03.03.2017,13,16,23,33,35,03
0327,05.03.2017,13,19,20,26,27,01
0328,08.03.2017,07,14,17,24,32,01
0329,10.03.2017,11,15,18,20,35,03
0330,12.03.2017,19,24,28,33,34,01
0331,15.03.2017,02,07,10,11,19,04
0332,17.03.2017,01,02,07,20,24,01
0333,19.03.2017,07,12,21,27,31,01
0334,22.03.2017,02,03,13,28,29,03
0335,24.03.2017,01,03,09,24,29,02
0336,26.03.2017,06,11,12,17,32,02
0337,29.03.2017,05,09,18,30,34,03
0338,31.03.2017,04,06,15,20,35,04
0339,02.04.2017,11,20,23,25,32,03
0340,05.04.2017,02,09,10,12,16,04
0341,07.04.2017,15,16,24,27,33,01
0342,09.04.2017,02,06,22,23,33,04
0343,12.04.2017,02,05,20,22,23,02
0344,14.04.2017,12,20,25,29,35,01
0345,16.04.2017,05,06,09,13,19,01
0346,18.04.2017,07,08,25,26,35,02
0347,19.04.2017,03,07,20,21,28,03
0348,20.04.2017,17,18,21,23,28,02
0349,21.04.2017,03,04,11,14,35,03
0350,22.04.2017,14,16,23,31,32,02
0351,23.04.2017,02,03,13,19,22,01
0352,24.04.2017,06,07,17,20,28,03
0353,25.04.2017,08,10,11,13,33,04
0354,26.04.2017,02,11,20,33,34,01
0355,27.04.2017,01,13,15,21,30,02
0356,28.04.2017,03,05,13,24,31,04
0357,29.04.2017,06,07,09,22,28,02
0358,30.04.2017,02,03,10,15,16,01
0359,01.05.2017,10,12,25,30,33,02
0360,02.05.2017,06,11,14,18,23,02
0361,03.05.2017,01,09,16,26,28,04
0362,04.05.2017,06,14,16,26,32,01
0363,05.05.2017,05,07,14,30,34,02
0364,06.05.2017,02,09,29,32,35,01
0365,07.05.2017,01,10,26,31,33,03
0366,08.05.2017,04,07,08,17,26,01
0367,09.05.2017,03,10,20,22,26,02
0368,10.05.2017,15,22,25,30,33,04
0369,11.05.2017,04,05,10,27,30,01
0370,12.05.2017,20,23,27,31,33,03
0371,13.05.2017,08,09,11,19,34,03
0372,14.05.2017,03,10,21,32,34,01
0373,15.05.2017,01,06,15,16,32,03
0374,16.05.2017,08,12,13,25,31,04
0375,17.05.2017,11,12,13,27,31,03
0376,18.05.2017,11,14,16,22,34,01
0377,19.05.2017,06,12,18,20,29,03
0378,20.05.2017,07,10,17,18,33,01
0379,21.05.2017,07,08,13,24,35,03
0380,22.05.2017,03,10,12,14,34,04
0381,23.05.2017,04,09,12,21,22,03
0382,24.05.2017,10,13,16,26,30,02
0383,25.05.2017,14,16,17,20,30,03
0384,26.05.2017,08,09,12,28,29,01
0385,27.05.2017,12,13,22,27,32,03
0386,28.05.2017,05,08,09,26,29,02
0387,29.05.2017,10,11,16,24,31,04
0388,30.05.2017,14,16,29,30,33,01
0389,31.05.2017,02,09,13,21,32,02
0390,01.06.2017,03,06,09,19,28,03
0391,02.06.2017,09,10,16,20,35,02
0392,03.06.2017,01,02,11,12,28,01
0393,04.06.2017,06,09,15,20,25,03
0394,05.06.2017,06,11,22,29,32,02
0395,06.06.2017,09,12,14,28,35,02
0396,07.06.2017,13,15,17,31,32,03
0397,08.06.2017,11,14,15,29,32,01
0398,09.06.2017,02,04,15,28,34,04
0399,10.06.2017,01,14,19,23,28,02
0400,11.06.2017,10,16,26,28,33,02
0401,12.06.2017,01,09,18,25,34,01
0402,13.06.2017,05,10,27,30,32,02
0403,14.06.2017,08,15,17,18,33,04
0404,15.06.2017,10,17,20,25,26,01
0405,16.06.2017,03,05,06,13,35,04
0406,17.06.2017,03,14,19,26,31,01
0407,18.06.2017,04,16,18,31,35,01
0408,19.06.2017,10,17,19,23,24,03
0409,20.06.2017,03,12,15,27,34,02
0410,21.06.2017,03,07,11,21,32,01
0411,22.06.2017,01,15,16,22,25,02
0412,23.06.2017,10,20,21,24,32,04
0413,24.06.2017,01,17,18,23,29,02
0414,25.06.2017,03,21,25,29,32,03
0415,26.06.2017,07,16,20,32,35,02
0416,27.06.2017,17,18,22,23,27,04
0417,28.06.2017,01,05,10,16,19,01
0418,29.06.2017,08,11,20,22,26,03
0419,30.06.2017,01,07,16,25,32,01
0420,01.07.2017,04,14,18,32,34,03
0421,02.07.2017,04,07,14,19,34,04
0422,03.07.2017,04,09,13,18,23,03
0423,04.07.2017,05,11,16,26,34,01
0424,05.07.2017,03,11,16,18,28,01
0425,06.07.2017,08,11,23,30,33,03
0426,07.07.2017,19,25,28,29,35,03
0427,08.07.2017,05,15,18,21,28,04
0428,09.07.2017,12,13,21,24,26,01
0429,10.07.2017,15,19,21,31,33,02
0430,11.07.2017,08,18,23,29,30,04
0431,12.07.2017,01,09,13,20,28,03
0432,13.07.2017,08,10,13,17,33,01
0433,14.07.2017,03,05,20,34,35,03
0434,15.07.2017,03,11,19,25,29,02
0435,16.07.2017,16,17,23,27,31,04
0436,17.07.2017,10,11,17,19,32,04
0437,18.07.2017,12,15,21,22,29,04
0438,19.07.2017,02,03,19,28,31,04
0439,20.07.2017,02,06,21,22,23,03
0440,21.07.2017,02,03,08,15,29,04
0441,22.07.2017,05,08,11,13,17,03
0442,23.07.2017,01,07,10,11,32,02
0443,24.07.2017,09,17,19,21,29,04
0444,25.07.2017,14,22,25,31,35,02
0445,26.07.2017,09,10,14,15,28,02
0446,27.07.2017,06,17,21,26,32,03
0447,28.07.2017,22,23,30,32,33,01
0448,29.07.2017,01,07,08,21,33,01
0449,30.07.2017,07,08,14,17,19,02
0450,31.07.2017,03,04,12,15,35,04
0451,01.08.2017,08,27,28,31,32,02
0452,02.08.2017,05,08,09,21,24,03
0453,03.08.2017,04,09,14,15,33,03
0454,04.08.2017,01,05,17,21,22,01
0455,05.08.2017,05,08,13,31,34,02
0456,06.08.2017,04,21,23,26,27,02
0457,07.08.2017,10,12,14,31,34,04
0458,08.08.2017,03,11,21,23,30,04
0459,09.08.2017,03,06,14,17,35,03
0460,10.08.2017,01,11,22,24,32,03
0461,11.08.2017,10,15,16,32,33,02
0462,12.08.2017,23,24,25,28,31,03
0463,13.08.2017,02,12,13,21,22,03
0464,14.08.2017,09,10,15,17,32,03
0465,15.08.2017,02,03,23,30,32,04
0466,16.08.2017,04,06,13,24,28,02
0467,17.08.2017,08,09,28,31,35,01
0468,18.08.2017,04,21,25,26,32,02
0469,19.08.2017,04,13,15,19,26,01
0470,20.08.2017,03,04,07,26,32,04
0471,21.08.2017,07,12,22,28,34,03
0472,22.08.2017,11,18,24,28,31,04
0473,23.08.2017,07,13,15,26,34,04
0474,24.08.2017,12,18,32,33,35,01
0475,25.08.2017,09,15,19,23,24,03
0476,26.08.2017,03,05,08,13,20,03
0477,27.08.2017,02,06,08,20,26,04
0478,28.08.2017,07,13,18,20,23,03
0479,29.08.2017,13,15,20,27,30,01
0480,30.08.2017,14,18,20,24,25,03
0481,31.08.2017,05,06,08,12,13,01
0482,01.09.2017,04,12,21,27,29,03
0483,02.09.2017,07,10,13,19,35,03
0484,03.09.2017,13,22,24,31,35,01
0485,04.09.2017,01,02,03,18,27,02
0486,05.09.2017,01,19,21,25,29,02
0487,06.09.2017,03,07,13,27,35,01
0488,07.09.2017,03,12,23,29,34,01
0489,08.09.2017,05,12,13,15,28,01
0490,09.09.2017,01,05,28,30,34,01
0491,10.09.2017,04,07,14,26,32,01
0492,11.09.2017,05,06,08,13,30,01
0493,12.09.2017,09,25,31,32,33,03
0494,13.09.2017,02,08,19,23,29,04
0495,14.09.2017,01,13,19,21,26,02
0496,15.09.2017,14,15,16,31,33,04
0497,16.09.2017,02,12,13,30,35,04
0498,17.09.2017,01,09,16,21,31,04
0499,18.09.2017,09,11,25,34,35,01
0500,19.09.2017,05,12,18,22,33,02
0501,20.09.2017,02,08,20,21,25,02
0502,21.09.2017,05,07,26,32,35,01
0503,22.09.2017,03,07,12,15,18,01
0504,23.09.2017,09,17,18,20,25,04
0505,24.09.2017,04,10,13,21,34,01
0506,25.09.2017,07,09,25,31,32,04
0507,26.09.2017,02,04,06,11,25,02
0508,27.09.2017,06,13,15,27,33,03
0509,28.09.2017,16,19,21,24,32,04
0510,29.09.2017,01,07,10,17,23,03
0511,30.09.2017,12,18,22,27,28,01
0512,01.10.2017,21,26,28,29,31,02
0513,02.10.2017,16,26,27,33,34,02
0514,03.10.2017,09,14,29,34,35,03
0515,04.10.2017,07,10,11,15,33,03
0516,05.10.2017,01,08,19,27,34,03
0517,06.10.2017,05,06,07,10,31,04
0518,07.10.2017,01,03,22,28,35,04
0519,08.10.2017,06,11,21,25,35,01
0520,09.10.2017,01,09,17,22,25,03
0521,10.10.2017,02,09,16,27,34,01
0522,11.10.2017,02,03,06,08,12,03
0523,12.10.2017,10,11,14,25,29,04
0524,13.10.2017,08,18,23,32,34,03
0525,14.10.2017,03,05,13,25,27,04
0526,15.10.2017,06,13,28,29,35,02
0527,16.10.2017,03,05,07,18,32,04
0528,17.10.2017,02,04,06,18,23,02
0529,18.10.2017,02,05,12,26,33,01
0530,19.10.2017,01,03,14,17,23,03
0531,20.10.2017,20,22,24,27,29,04
0532,21.10.2017,12,15,20,23,33,01
0533,22.10.2017,06,08,19,32,33,04
0534,23.10.2017,06,09,15,16,31,04
0535,24.10.2017,06,25,29,33,35,03
0536,25.10.2017,01,03,09,29,30,04
0537,26.10.2017,08,11,13,18,32,01
0538,27.10.2017,10,17,18,20,24,03
0539,28.10.2017,03,07,24,26,31,04
0540,29.10.2017,01,04,07,14,16,01
0541,30.10.2017,01,12,14,17,20,02
0542,31.10.2017,15,22,24,25,30,03
0543,01.11.2017,02,04,18,25,34,03
0544,02.11.2017,05,12,20,22,30,02
0545,03.11.2017,19,25,26,28,32,04
0546,04.11.2017,06,12,21,28,31,01
0547,05.11.2017,02,14,20,31,33,02
0548,06.11.2017,04,09,12,24,32,02
0549,07.11.2017,06,13,17,33,35,01
0550,08.11.2017,19,21,23,30,34,04
0551,09.11.2017,06,13,24,26,29,04
0552,10.11.2017,05,13,14,27,32,04
0553,11.11.2017,06,11,16,24,26,01
0554,12.11.2017,01,12,16,31,33,04
0555,13.11.2017,09,11,12,13,34,04
0556,14.11.2017,14,20,21,25,26,02
0557,15.11.2017,01,14,18,28,30,04
0558,16.11.2017,19,27,31,32,35,02
0559,17.11.2017,10,12,13,27,28,03
0560,18.11.2017,01,06,18,27,33,04
0561,19.11.2017,03,08,11,22,29,01
0562,20.11.2017,07,13,20,24,26,03
0563,21.11.2017,01,05,29,30,34,01
0564,22.11.2017,15,23,24,33,34,03
0565,23.11.2017,19,21,24,31,32,04
0566,24.11.2017,04,16,19,24,28,02
0567,25.11.2017,02,06,18,25,28,03
0568,26.11.2017,09,15,16,31,34,03
0569,27.11.2017,03,19,31,32,35,02
0570,28.11.2017,08,14,24,32,35,03
0571,29.11.2017,04,07,08,16,22,04
0572,30.11.2017,06,21,28,31,35,03
0573,01.12.2017,01,09,11,12,29,01
0574,02.12.2017,13,21,23,28,35,04
0575,03.12.2017,04,08,18,26,28,04
0576,04.12.2017,09,13,20,26,27,02
0577,05.12.2017,02,07,12,20,23,02
0578,06.12.2017,17,18,22,23,26,01
0579,07.12.2017,02,03,17,20,21,04
0580,08.12.2017,05,06,21,22,26,04
0581,09.12.2017,12,14,20,30,35,03
0582,10.12.2017,06,09,20,25,34,04
0583,11.12.2017,09,19,23,32,33,04
0584,12.12.2017,11,16,18,25,28,01
0585,13.12.2017,14,22,25,26,27,04
0586,14.12.2017,08,14,20,21,29,02
0587,15.12.2017,13,14,18,20,35,02
0588,16.12.2017,05,20,26,32,35,01
0589,17.12.2017,07,19,20,21,33,02
0590,18.12.2017,08,11,16,17,21,01
0591,19.12.2017,01,02,11,15,26,02
0592,20.12.2017,01,09,21,25,34,04
0593,21.12.2017,07,13,19,31,33,02
0594,22.12.2017,03,17,19,20,28,02
0595,23.12.2017,06,10,24,31,35,01
0596,24.12.2017,02,08,17,21,35,03
0597,25.12.2017,09,12,15,32,33,01
0598,26.12.2017,04,05,20,29,35,01
0599,27.12.2017,17,25,26,28,31,04
0600,28.12.2017,10,21,25,27,30,04
0601,29.12.2017,06,09,22,25,28,02
0602,30.12.2017,08,15,20,21,26,04
0603,31.12.2017,07,11,12,19,25,01
0604,01.01.2018,02,04,15,20,25,02
0605,02.01.2018,11,16,28,30,33,04
0606,03.01.2018,17,18,19,22,23,01
0607,04.01.2018,07,09,19,28,34,03
0608,05.01.2018,04,09,12,30,35,02
0609,06.01.2018,01,04,05,08,31,03
0610,07.01.2018,01,05,14,16,22,01
0611,08.01.2018,01,04,07,15,22,03
0612,09.01.2018,01,10,12,16,22,02
0613,10.01.2018,08,15,18,28,34,04
0614,11.01.2018,03,06,14,18,23,02
0615,12.01.2018,01,07,20,27,34,01
0616,13.01.2018,10,11,17,23,33,02
0617,14.01.2018,04,05,06,13,27,01
0618,15.01.2018,10,15,23,25,30,04
0619,16.01.2018,08,12,13,19,21,01
0620,17.01.2018,02,16,25,31,33,01
0621,18.01.2018,05,11,21,25,31,02
0622,19.01.2018,17,21,27,30,33,04
0623,20.01.2018,04,17,20,29,30,04
0624,21.01.2018,02,03,06,19,31,02
0625,22.01.2018,02,09,19,21,32,01
0626,23.01.2018,01,06,09,16,18,02
0627,24.01.2018,05,06,21,22,34,03
0628,25.01.2018,09,13,14,21,27,02
0629,26.01.2018,02,13,16,18,31,01
0630,27.01.2018,02,08,10,19,23,04
0631,28.01.2018,10,11,13,14,22,01
0632,29.01.2018,12,14,16,22,34,03
0633,30.01.2018,05,10,14,15,33,02
0634,31.01.2018,03,08,16,23,24,04
0635,01.02.2018,01,06,07,17,23,02
0636,02.02.2018,02,10,22,31,33,03
0637,03.02.2018,04,05,22,31,34,01
0638,04.02.2018,10,24,29,30,31,03
0639,05.02.2018,07,11,19,21,35,02
0640,06.02.2018,04,13,16,18,22,04
0641,07.02.2018,04,23,24,27,35,01
0642,08.02.2018,02,09,19,28,34,04
0643,09.02.2018,02,04,12,21,30,03
0644,10.02.2018,04,16,26,34,35,01
0645,11.02.2018,11,14,18,21,27,01
0646,12.02.2018,02,05,16,18,25,04
0647,13.02.2018,16,21,24,25,28,01
0648,14.02.2018,09,13,14,15,22,02
0649,15.02.2018,06,08,18,23,30,01
0650,16.02.2018,03,16,22,27,32,03
0651,17.02.2018,03,07,09,12,17,02
0652,18.02.2018,01,24,33,34,35,04
0653,19.02.2018,05,12,16,20,34,03
0654,20.02.2018,03,05,19,22,30,02
0655,21.02.2018,02,05,19,20,24,04
0656,22.02.2018,01,18,24,29,34,01
0657,23.02.2018,07,11,18,24,25,03
0658,24.02.2018,02,09,12,30,35,03
0659,25.02.2018,07,12,15,27,28,01
0660,26.02.2018,09,12,19,23,28,03
0661,27.02.2018,02,17,21,24,27,02
0662,28.02.2018,07,14,27,30,32,02
0663,01.03.2018,02,09,11,29,35,01
0664,02.03.2018,03,07,12,13,30,02
0665,03.03.2018,04,10,18,20,30,04
0666,04.03.2018,13,15,16,22,24,01
0667,05.03.2018,06,09,12,14,17,04
0668,06.03.2018,05,10,26,30,31,03
0669,07.03.2018,10,15,16,19,28,02
0670,08.03.2018,05,12,17,23,30,02
0671,09.03.2018,02,07,11,30,31,03
0672,10.03.2018,03,10,14,21,22,02
0673,11.03.2018,01,09,30,32,33,01
0674,12.03.2018,01,05,24,25,34,03
0675,13.03.2018,02,25,26,29,33,02
0676,14.03.2018,02,12,13,15,18,01
0677,15.03.2018,03,11,13,23,31,01
0678,16.03.2018,01,14,16,17,18,04
0679,17.03.2018,23,25,26,28,29,04
0680,18.03.2018,02,10,13,24,32,01
0681,19.03.2018,04,09,13,21,29,04
0682,20.03.2018,02,17,22,27,33,02
0683,21.03.2018,01,08,10,23,27,01
0684,22.03.2018,01,06,07,14,25,04
0685,23.03.2018,10,19,21,25,32,03
0686,24.03.2018,04,11,13,15,19,02
0687,25.03.2018,09,15,18,27,33,01
0688,26.03.2018,07,14,18,28,30,02
0689,27.03.2018,01,04,11,22,35,03
0690,28.03.2018,17,18,19,22,30,04
0691,29.03.2018,12,13,19,25,32,03
0692,30.03.2018,06,08,15,17,21,04
0693,31.03.2018,17,21,25,27,28,03
0694,01.04.2018,06,08,14,18,24,04
0695,02.04.2018,05,11,14,24,35,03
0696,03.04.2018,09,10,14,27,29,03
0697,04.04.2018,14,16,25,32,35,03
0698,05.04.2018,02,13,29,34,35,03
0699,06.04.2018,02,18,21,24,29,02
0700,07.04.2018,02,06,22,28,31,02
0701,08.04.2018,07,13,21,30,34,04
0702,09.04.2018,04,06,08,26,28,03
0703,10.04.2018,01,04,06,08,09,04
0704,11.04.2018,05,11,18,23,26,03
0705,12.04.2018,04,12,15,18,28,04
0706,13.04.2018,02,03,13,17,29,02
0707,14.04.2018,03,14,16,17,34,04
0708,15.04.2018,18,19,20,22,32,01
0709,16.04.2018,14,17,29,30,33,03
0710,17.04.2018,13,14,20,21,26,01
0711,18.04.2018,06,21,25,27,29,03
0712,19.04.2018,12,14,18,19,25,02
0713,20.04.2018,12,13,15,33,34,02
0714,21.04.2018,10,18,22,31,33,02
0715,22.04.2018,03,14,18,30,31,03
0716,23.04.2018,02,10,14,18,19,01
0717,24.04.2018,10,13,21,24,33,03
0718,25.04.2018,01,06,07,08,28,04
0719,26.04.2018,04,05,06,12,35,02
0720,27.04.2018,05,06,09,10,20,02
0721,28.04.2018,06,07,20,22,28,02
0722,29.04.2018,04,11,18,24,26,04
0723,30.04.2018,01,05,15,25,34,03
0724,01.05.2018,01,02,07,14,33,01
0725,02.05.2018,02,05,08,09,24,03
0726,03.05.2018,11,12,23,33,35,02
0727,04.05.2018,02,16,24,33,34,04
0728,05.05.2018,04,09,14,16,23,03
0729,06.05.2018,07,17,22,28,33,02
0730,07.05.2018,03,09,11,17,29,02
0731,08.05.2018,13,14,25,30,32,03
0732,09.05.2018,15,19,27,30,32,02
0733,10.05.2018,01,15,16,19,31,02
0734,11.05.2018,02,05,17,18,24,01
0735,12.05.2018,04,11,15,18,23,03
0736,13.05.2018,04,15,21,32,35,02
0737,14.05.2018,10,12,18,29,32,01
0738,15.05.2018,04,07,13,22,28,02
0739,16.05.2018,01,05,15,20,32,04
0740,17.05.2018,02,04,12,22,31,02
0741,18.05.2018,05,12,19,29,34,04
0742,19.05.2018,02,09,21,27,34,03
0743,20.05.2018,11,18,19,25,32,04
0744,21.05.2018,07,09,13,24,32,03
0745,22.05.2018,03,08,23,25,31,01
0746,23.05.2018,07,11,12,13,22,04
0747,24.05.2018,07,10,15,16,34,01
0748,25.05.2018,16,18,24,31,34,04
0749,26.05.2018,03,10,22,26,34,03
0750,27.05.2018,14,16,23,31,35,01
0751,28.05.2018,05,11,15,19,31,03
0752,29.05.2018,16,18,19,21,26,04
0753,30.05.2018,03,13,14,20,31,02
0754,31.05.2018,06,14,22,27,31,02
0755,01.06.2018,03,07,10,25,34,02
0756,02.06.2018,08,13,22,24,33,03
0757,03.06.2018,05,14,16,27,33,04
0758,04.06.2018,03,05,10,17,22,02
0759,05.06.2018,06,08,29,31,34,01
0760,06.06.2018,15,22,31,32,33,04
0761,07.06.2018,03,11,14,26,28,01
0762,08.06.2018,11,12,31,32,35,01
0763,09.06.2018,12,21,22,23,29,04
0764,10.06.2018,04,11,18,33,34,04
0765,11.06.2018,04,09,12,21,23,01
0766,12.06.2018,02,15,19,20,29,03
0767,13.06.2018,03,10,16,19,20,04
0768,14.06.2018,04,11,12,18,35,04
0769,15.06.2018,04,11,12,24,33,04
0770,16.06.2018,08,12,17,26,33,02
0771,17.06.2018,02,06,13,20,35,01
0772,18.06.2018,02,17,22,30,35,02
0773,19.06.2018,13,21,22,23,30,02
0774,20.06.2018,12,16,28,30,35,03
0775,21.06.2018,03,07,12,15,18,03
0776,22.06.2018,06,09,11,19,26,03
0777,23.06.2018,03,14,16,17,27,03
0778,24.06.2018,02,12,14,23,26,02
0779,25.06.2018,01,07,10,11,31,01
0780,26.06.2018,02,06,19,20,34,03
0781,27.06.2018,02,21,28,33,35,02
0782,28.06.2018,03,07,11,15,17,01
0783,29.06.2018,06,10,21,22,33,04
0784,30.06.2018,01,03,07,17,23,02
0785,01.07.2018,09,10,12,26,35,03
0786,02.07.2018,06,08,11,15,23,03
0787,03.07.2018,05,07,24,27,35,03
0788,04.07.2018,10,25,26,29,34,04
0789,05.07.2018,04,09,20,21,33,02
0790,06.07.2018,03,06,15,17,34,03
0791,07.07.2018,06,07,08,12,34,01
0792,08.07.2018,16,19,21,25,26,02
0793,09.07.2018,02,06,08,20,25,04
0794,10.07.2018,01,08,17,20,25,04
0795,11.07.2018,01,04,19,27,32,03
0796,12.07.2018,08,20,28,30,31,02
0797,13.07.2018,01,07,24,27,28,01
0798,14.07.2018,08,09,22,32,33,04
0799,15.07.2018,02,13,17,23,33,01
0800,16.07.2018,08,13,22,27,35,02
0801,17.07.2018,08,13,15,17,30,03
0802,18.07.2018,17,19,20,28,31,02
0803,19.07.2018,04,12,16,20,30,04
0804,20.07.2018,01,02,04,27,29,04
0805,21.07.2018,03,08,12,32,33,03
0806,22.07.2018,03,06,09,27,29,04
0807,23.07.2018,16,17,21,25,30,04
0808,24.07.2018,02,03,08,28,29,03
0809,25.07.2018,02,13,20,33,34,03
0810,26.07.2018,10,12,18,21,29,03
0811,27.07.2018,07,08,19,29,34,01
0812,28.07.2018,08,17,21,27,31,02
0813,29.07.2018,05,14,15,29,30,03
0814,30.07.2018,02,22,28,30,32,04
0815,31.07.2018,03,04,05,19,23,03
0816,01.08.2018,02,20,22,23,28,01
0817,02.08.2018,09,13,20,32,33,02
0818,03.08.2018,08,09,19,29,34,03
0819,04.08.2018,01,02,21,32,33,04
0820,05.08.2018,20,23,30,33,35,03
0821,06.08.2018,10,14,20,25,31,03
0822,07.08.2018,11,21,23,26,31,02
0823,08.08.2018,09,11,13,16,27,01
0824,09.08.2018,03,07,30,33,34,03
0825,10.08.2018,06,09,10,29,33,02
0826,11.08.2018,20,21,24,29,31,04
0827,12.08.2018,17,23,27,31,34,01
0828,13.08.2018,07,08,18,26,28,04
0829,14.08.2018,02,09,20,24,26,03
0830,15.08.2018,11,13,14,25,29,01
0831,16.08.2018,12,13,22,23,27,02
0832,17.08.2018,11,14,20,22,24,01
0833,18.08.2018,01,13,14,16,18,04
0834,19.08.2018,04,08,10,13,33,01
0835,20.08.2018,04,05,07,17,33,01
0836,21.08.2018,02,12,20,22,27,01
0837,22.08.2018,01,03,11,14,22,03
0838,23.08.2018,11,15,21,27,28,04
0839,24.08.2018,06,08,16,29,31,02
0840,25.08.2018,08,15,17,25,33,04
0841,26.08.2018,04,07,08,15,34,03
0842,27.08.2018,02,04,25,27,28,01
0843,28.08.2018,01,05,12,26,29,02
0844,29.08.2018,10,16,17,30,31,04
0845,30.08.2018,18,23,27,32,34,01
0846,31.08.2018,03,15,21,22,27,03
0847,01.09.2018,05,07,19,20,33,03
0848,02.09.2018,11,15,16,22,33,01
0849,03.09.2018,10,12,16,27,28,02
0850,04.09.2018,04,11,16,30,35,02
0851,05.09.2018,08,15,16,20,24,02
0852,06.09.2018,06,10,15,25,34,02
0853,07.09.2018,03,13,24,25,34,03
0854,08.09.2018,07,09,26,31,33,03
0855,09.09.2018,17,20,24,25,30,01
0856,10.09.2018,02,12,16,17,22,01
0857,11.09.2018,05,09,13,32,34,04
0858,12.09.2018,03,04,06,14,33,01
0859,13.09.2018,04,05,17,33,34,03
0860,14.09.2018,07,17,22,24,27,03
0861,15.09.2018,05,12,17,19,27,01
0862,16.09.2018,04,15,21,25,34,02
0863,17.09.2018,13,17,22,23,33,03
0864,18.09.2018,05,06,07,22,29,01
0865,19.09.2018,04,08,10,20,23,03
0866,20.09.2018,16,20,21,31,32,02
0867,21.09.2018,03,10,15,29,32,02
0868,22.09.2018,01,03,08,15,31,04
0869,23.09.2018,12,13,19,32,33,04
0870,24.09.2018,02,04,08,10,24,04
0871,25.09.2018,01,03,07,30,35,03
0872,26.09.2018,07,08,13,17,31,02
0873,27.09.2018,03,18,19,26,33,04
0874,28.09.2018,07,10,12,23,26,03
0875,29.09.2018,15,18,19,25,26,04
0876,30.09.2018,13,14,22,24,33,02
0877,01.10.2018,03,07,11,20,27,02
0878,02.10.2018,04,08,10,12,15,01
0879,03.10.2018,03,17,29,33,34,04
0880,04.10.2018,07,22,26,27,34,04
0881,05.10.2018,06,13,15,19,22,02
0882,06.10.2018,07,16,22,29,31,01
0883,07.10.2018,14,23,24,27,32,01
0884,08.10.2018,01,23,25,28,32,04
0885,09.10.2018,10,23,24,25,27,01
0886,10.10.2018,17,23,30,32,33,04
0887,11.10.2018,03,11,13,14,15,02
0888,12.10.2018,06,14,25,30,31,01
0889,13.10.2018,12,15,17,23,29,03
0890,14.10.2018,08,09,15,30,34,04
0891,15.10.2018,05,07,22,27,32,01
0892,16.10.2018,15,16,18,22,25,04
0893,17.10.2018,05,15,21,24,26,02
0894,18.10.2018,03,04,07,26,33,02
0895,19.10.2018,01,09,11,16,22,03
0896,20.10.2018,08,19,21,23,32,02
0897,21.10.2018,05,08,19,25,31,02
0898,22.10.2018,01,03,10,13,24,02
0899,23.10.2018,05,06,20,28,34,01
0900,24.10.2018,01,03,11,29,35,02
0901,25.10.2018,01,02,14,16,17,02
0902,26.10.2018,06,18,21,24,31,03
0903,27.10.2018,09,15,24,30,31,04
0904,28.10.2018,07,11,12,22,27,04
0905,29.10.2018,03,15,20,30,34,04
0906,30.10.2018,10,15,22,29,35,03
0907,31.10.2018,18,19,25,31,33,03
0908,01.11.2018,02,24,28,33,34,01
0909,02.11.2018,01,02,13,22,29,02
0910,03.11.2018,01,02,06,24,35,03
0911,04.11.2018,08,18,29,31,33,01
0912,05.11.2018,02,07,13,27,32,02
0913,06.11.2018,02,10,12,19,23,04
0914,07.11.2018,07,11,20,28,30,04
0915,08.11.2018,07,12,20,23,24,01
0916,09.11.2018,12,13,20,29,34,03
0917,10.11.2018,02,03,14,16,26,04
0918,11.11.2018,03,15,17,33,35,01
0919,12.11.2018,07,11,13,16,25,03
0920,13.11.2018,08,13,19,25,28,01
0921,14.11.2018,12,16,23,28,30,03
0922,15.11.2018,05,10,16,30,35,01
0923,16.11.2018,14,23,25,28,31,04
0924,17.11.2018,02,06,09,11,27,04
0925,18.11.2018,23,24,28,32,35,03
0926,19.11.2018,01,07,10,20,34,01
0927,20.11.2018,01,04,11,21,31,04
0928,21.11.2018,09,14,20,25,34,03
0929,22.11.2018,10,11,14,20,26,04
0930,23.11.2018,03,08,27,29,32,04
0931,24.11.2018,07,17,18,24,25,02
0932,25.11.2018,11,13,14,22,29,02
0933,26.11.2018,21,22,24,30,34,03
0934,27.11.2018,08,10,18,23,24,04
0935,28.11.2018,02,17,23,29,35,04
0936,29.11.2018,04,12,16,17,27,04
0937,30.11.2018,02,06,10,14,28,03
0938,01.12.2018,16,20,24,29,33,04
0939,02.12.2018,06,09,17,21,26,04
0940,03.12.2018,05,06,09,21,27,02
0941,04.12.2018,07,13,19,25,31,03
0942,05.12.2018,06,14,25,33,34,04
0943,06.12.2018,03,05,06,08,12,04
0944,07.12.2018,02,21,26,32,33,03
0945,08.12.2018,01,15,17,26,29,03
0946,09.12.2018,06,10,15,16,27,02
0947,10.12.2018,13,16,30,34,35,04
0948,11.12.2018,01,05,10,14,20,02
0949,12.12.2018,11,24,25,30,31,01
0950,13.12.2018,04,15,18,22,34,02
0951,14.12.2018,10,19,23,28,32,03
0952,15.12.2018,03,15,22,27,31,03
0953,16.12.2018,02,08,12,29,31,02
0954,17.12.2018,13,23,29,32,34,01
0955,18.12.2018,05,17,23,30,32,03
0956,19.12.2018,11,15,18,21,35,04
0957,20.12.2018,08,10,13,23,32,03
0958,21.12.2018,02,10,18,24,30,02
0959,22.12.2018,02,03,13,18,25,01
0960,23.12.2018,14,26,31,32,33,04
0961,24.12.2018,02,11,18,19,21,01
0962,25.12.2018,13,22,24,25,31,02
0963,26.12.2018,11,15,16,29,33,04
0964,27.12.2018,03,15,16,23,28,01
0965,28.12.2018,07,28,29,31,33,02
0966,29.12.2018,02,12,13,24,34,04
0967,30.12.2018,01,07,14,19,25,02
0968,31.12.2018,01,07,14,22,31,03
0969,01.01.2019,15,16,22,25,26,04
0970,02.01.2019,02,03,07,28,33,03
0971,03.01.2019,06,08,20,29,35,03
0972,04.01.2019,01,06,24,27,29,01
0973,05.01.2019,06,10,11,19,22,02
0974,06.01.2019,05,06,19,27,32,02
0975,07.01.2019,13,20,25,27,35,01
0976,08.01.2019,07,11,20,25,32,04
0977,09.01.2019,04,11,13,21,23,04
0978,10.01.2019,22,25,33,34,35,02
0979,11.01.2019,02,07,22,23,35,02
0980,12.01.2019,01,13,17,24,28,02
0981,13.01.2019,03,05,09,23,35,03
0982,14.01.2019,08,12,14,26,32,02
0983,15.01.2019,07,13,18,20,32,01
0984,16.01.2019,03,06,10,19,21,02
0985,17.01.2019,12,13,21,25,33,04
0986,18.01.2019,06,07,15,27,33,02
0987,19.01.2019,07,19,20,33,34,03
0988,20.01.2019,02,09,15,25,30,04
0989,21.01.2019,01,04,08,16,17,03
0990,22.01.2019,13,19,24,25,29,03
0991,23.01.2019,05,07,22,23,25,02
0992,24.01.2019,04,15,17,18,35,02
0993,25.01.2019,01,15,18,21,27,03
0994,26.01.2019,02,07,12,25,26,03
0995,27.01.2019,02,03,11,25,35,02
0996,28.01.2019,01,10,15,16,35,04
0997,29.01.2019,12,18,26,28,34,03
0998,30.01.2019,04,06,18,25,34,03
0999,31.01.2019,03,04,20,21,32,01
1000,01.02.2019,11,12,17,25,30,04
1001,02.02.2019,03,06,09,14,20,02
1002,03.02.2019,01,09,17,20,30,04
1003,04.02.2019,01,13,20,23,32,03
1004,05.02.2019,04,09,22,26,28,04
1005,06.02.2019,04,10,12,30,33,04
1006,07.02.2019,14,22,23,34,35,03
1007,08.02.2019,01,16,17,21,23,03
1008,09.02.2019,06,10,28,33,34,01
1009,10.02.2019,06,17,18,29,33,01
1010,11.02.2019,17,22,28,33,34,01
1011,12.02.2019,01,05,18,20,32,04
1012,13.02.2019,11,14,20,26,27,04
1013,14.02.2019,09,25,26,32,34,04
1014,15.02.2019,06,18,20,27,28,02
1015,16.02.2019,03,04,05,07,29,03
1016,17.02.2019,13,17,26,27,33,03
1017,18.02.2019,05,09,28,30,33,03
1018,19.02.2019,03,10,13,19,22,03
1019,20.02.2019,08,14,18,20,21,02
1020,21.02.2019,02,12,24,29,30,04
1021,22.02.2019,04,05,07,21,23,01
1022,23.02.2019,12,23,30,33,34,04
1023,24.02.2019,08,18,23,27,35,02
1024,25.02.2019,02,15,25,28,35,04
1025,26.02.2019,04,08,16,27,33,03
1026,27.02.2019,02,08,15,22,23,03
1027,28.02.2019,03,18,19,21,32,01
1028,01.03.2019,08,11,20,26,28,01
1029,02.03.2019,20,21,26,31,35,04
1030,03.03.2019,02,04,10,16,17,04
1031,04.03.2019,10,23,24,33,35,02
1032,05.03.2019,05,06,08,30,32,01
1033,06.03.2019,04,18,20,25,30,01
1034,07.03.2019,03,10,11,13,25,04
1035,08.03.2019,05,08,12,14,24,03
1036,09.03.2019,17,18,23,27,35,01
1037,10.03.2019,01,04,12,21,33,02
1038,11.03.2019,11,21,25,31,32,01
1039,12.03.2019,07,08,10,12,14,04
1040,13.03.2019,02,21,22,24,30,02
1041,14.03.2019,11,14,15,19,30,02
1042,15.03.2019,02,03,07,08,29,03
1043,16.03.2019,16,17,19,28,31,03
1044,17.03.2019,02,17,21,29,30,02
1045,18.03.2019,02,07,19,25,31,02
1046,19.03.2019,11,22,25,28,30,03
1047,20.03.2019,01,05,15,32,35,03
1048,21.03.2019,02,14,20,22,28,03
1049,22.03.2019,10,11,14,19,24,02
1050,23.03.2019,06,11,12,17,18,03
1051,24.03.2019,02,07,15,18,20,03
1052,25.03.2019,06,08,22,24,35,01
1053,26.03.2019,02,12,14,18,28,02
1054,27.03.2019,07,13,19,20,27,01
1055,28.03.2019,10,13,20,28,34,04
1056,29.03.2019,10,11,16,33,34,02
1057,30.03.2019,01,06,10,20,22,02
1058,31.03.2019,08,10,20,21,26,01
1059,01.04.2019,11,18,22,25,28,04
1060,02.04.2019,05,11,12,27,31,02
1061,03.04.2019,04,07,25,33,35,01
1062,04.04.2019,07,20,23,30,31,02
1063,05.04.2019,09,14,19,28,32,03
1064,06.04.2019,05,18,22,28,31,03
1065,07.04.2019,02,05,12,26,30,02
1066,08.04.2019,01,02,11,31,35,02
1067,09.04.2019,13,14,15,26,35,04
1068,10.04.2019,15,17,19,26,34,01
1069,11.04.2019,02,18,28,31,32,02
1070,12.04.2019,09,15,23,27,29,01
1071,13.04.2019,06,15,20,24,26,03
1072,14.04.2019,06,13,22,25,34,04
1073,15.04.2019,05,11,13,20,24,03
1074,16.04.2019,03,04,12,19,28,02
1075,17.04.2019,04,14,18,20,31,01
1076,18.04.2019,07,09,21,30,33,03
1077,19.04.2019,07,11,14,16,20,01
1078,20.04.2019,01,06,08,18,24,02
1079,21.04.2019,07,08,22,31,34,03
1080,22.04.2019,02,03,28,30,31,03
1081,23.04.2019,22,25,26,27,30,01
1082,24.04.2019,03,04,10,16,20,02
1083,25.04.2019,06,08,13,16,19,02
1084,26.04.2019,05,19,26,27,34,02
1085,27.04.2019,06,12,20,22,30,03
1086,28.04.2019,06,10,16,25,26,04
1087,29.04.2019,07,08,23,26,28,03
1088,30.04.2019,02,18,24,30,35,03
1089,01.05.2019,04,06,13,15,20,03
1090,02.05.2019,05,14,32,33,34,03
1091,03.05.2019,13,14,15,27,28,01
1092,04.05.2019,01,05,09,12,16,04
1093,05.05.2019,07,09,20,28,29,04
1094,06.05.2019,09,12,20,22,35,04
1095,07.05.2019,05,08,10,26,33,04
1096,08.05.2019,03,06,10,21,28,04
1097,09.05.2019,03,14,18,23,25,01
1098,10.05.2019,01,19,28,29,32,04
1099,11.05.2019,07,08,18,20,28,01
1100,12.05.2019,05,13,20,22,28,02
1101,13.05.2019,02,04,09,20,33,04
1102,14.05.2019,06,18,25,34,35,02
1103,15.05.2019,06,11,12,20,25,02
1104,16.05.2019,03,05,08,16,18,01
1105,17.05.2019,01,04,12,14,29,01
1106,18.05.2019,06,07,09,19,27,01
1107,19.05.2019,12,13,20,22,34,04
1108,20.05.2019,04,22,27,34,35,03
1109,21.05.2019,03,07,15,28,30,01
1110,22.05.2019,01,06,13,18,19,04
1111,23.05.2019,03,23,27,28,30,03
1112,24.05.2019,07,17,19,22,32,02
1113,25.05.2019,02,15,20,23,33,03
1114,26.05.2019,10,13,15,27,33,03
1115,27.05.2019,08,12,17,21,31,01
1116,28.05.2019,01,12,13,28,30,03
1117,29.05.2019,08,23,25,26,31,02
1118,30.05.2019,09,11,18,22,31,04
1119,31.05.2019,11,22,23,29,33,04
1120,01.06.2019,06,07,08,14,15,04
1121,02.06.2019,11,18,22,23,26,04
1122,03.06.2019,17,19,20,30,34,04
1123,04.06.2019,09,11,18,22,27,04
1124,05.06.2019,04,09,14,16,31,03
1125,06.06.2019,03,13,18,23,25,03
1126,07.06.2019,03,10,21,24,33,03
1127,08.06.2019,09,18,21,23,25,02
1128,09.06.2019,01,02,11,13,28,03
1129,10.06.2019,04,09,15,16,28,04
1130,11.06.2019,06,08,10,28,29,04
1131,12.06.2019,07,18,27,33,34,04
1132,13.06.2019,06,10,23,25,35,03
1133,14.06.2019,01,05,21,28,32,03
1134,15.06.2019,02,06,12,15,22,01
1135,16.06.2019,02,04,09,11,15,04
1136,17.06.2019,09,10,12,16,28,03
1137,18.06.2019,07,08,14,18,29,03
1138,19.06.2019,08,18,21,23,26,03
1139,20.06.2019,01,02,07,15,16,02
1140,21.06.2019,01,05,07,21,34,03
1141,22.06.2019,04,05,14,24,33,02
1142,23.06.2019,01,03,10,29,34,02
1143,24.06.2019,01,02,05,07,09,03
1144,25.06.2019,14,23,24,28,33,01
1145,26.06.2019,15,19,22,27,33,04
1146,27.06.2019,03,04,11,27,35,03
1147,28.06.2019,04,05,11,12,14,04
1148,29.06.2019,11,13,20,23,24,02
1149,30.06.2019,04,07,15,20,21,02
1150,01.07.2019,07,09,10,31,32,04
1151,02.07.2019,05,06,11,27,29,02
1152,03.07.2019,02,13,22,26,29,03
1153,04.07.2019,04,15,21,22,34,03
1154,05.07.2019,11,12,22,31,32,04
1155,06.07.2019,04,06,16,28,30,04
1156,07.07.2019,05,07,09,20,25,02
1157,08.07.2019,02,06,12,27,33,01
1158,09.07.2019,08,15,16,20,29,02
1159,10.07.2019,02,17,24,27,33,01
1160,11.07.2019,03,09,25,28,33,02
1161,12.07.2019,10,11,14,15,25,04
1162,13.07.2019,01,07,10,19,21,01
1163,14.07.2019,04,09,30,31,35,02
1164,15.07.2019,13,17,20,24,31,03
1165,16.07.2019,02,10,15,21,25,01
1166,17.07.2019,07,23,29,34,35,03
1167,18.07.2019,01,03,15,24,27,04
1168,19.07.2019,07,15,23,24,33,04
1169,20.07.2019,05,17,18,29,32,04
1170,21.07.2019,05,20,24,29,31,04
1171,22.07.2019,03,04,05,25,33,02
1172,23.07.2019,03,09,15,27,30,03
1173,24.07.2019,08,12,20,21,22,01
1174,25.07.2019,12,15,17,24,28,03
1175,26.07.2019,09,11,12,14,34,01
1176,27.07.2019,02,03,09,27,35,02
1177,28.07.2019,08,17,21,31,33,01
1178,29.07.2019,06,15,20,32,35,04
1179,30.07.2019,14,15,18,27,32,04
1180,31.07.2019,02,05,07,09,29,02
1181,01.08.2019,03,13,20,23,29,02
1182,02.08.2019,02,06,17,19,25,04
1183,03.08.2019,04,16,18,19,35,03
1184,04.08.2019,02,03,17,25,33,04
1185,05.08.2019,02,05,13,22,32,02
1186,06.08.2019,01,06,07,31,32,02
1187,07.08.2019,05,12,17,18,21,04
1188,08.08.2019,03,07,22,23,24,04
1189,09.08.2019,14,15,19,26,29,02
1190,10.08.2019,01,02,04,17,35,04
1191,11.08.2019,09,11,12,20,35,01
1192,12.08.2019,02,04,10,16,34,03
1193,13.08.2019,05,07,21,28,29,03
1194,14.08.2019,04,06,16,30,32,04
1195,15.08.2019,04,18,29,30,33,01
1196,16.08.2019,01,11,20,30,31,03
1197,17.08.2019,02,14,22,24,34,04
1198,18.08.2019,06,15,17,19,24,04
1199,19.08.2019,01,02,10,12,13,01
1200,20.08.2019,04,16,27,32,35,03
1201,21.08.2019,05,13,14,19,32,01
1202,22.08.2019,02,07,17,19,28,01
1203,23.08.2019,01,10,19,26,31,03
1204,24.08.2019,02,07,25,27,31,04
1205,25.08.2019,06,13,24,25,34,03
1206,26.08.2019,04,11,18,31,35,04
1207,27.08.2019,06,11,17,32,35,02
1208,28.08.2019,05,16,27,28,29,01
1209,29.08.2019,10,11,19,23,32,03
1210,30.08.2019,14,25,27,28,34,02
1211,31.08.2019,01,03,10,17,18,01
1212,01.09.2019,05,18,19,23,33,04
1213,02.09.2019,04,06,26,29,32,02
1214,03.09.2019,12,15,17,21,23,02
1215,04.09.2019,02,10,15,20,35,01
1216,05.09.2019,06,17,19,20,21,02
1217,06.09.2019,05,06,07,22,34,04
1218,07.09.2019,16,18,19,24,27,02
1219,08.09.2019,02,21,25,28,29,03
1220,09.09.2019,09,12,24,25,27,04
1221,10.09.2019,12,16,18,22,27,03
1222,11.09.2019,02,07,11,21,30,01
1223,12.09.2019,11,17,20,22,33,04
1224,13.09.2019,12,13,17,23,33,02
1225,14.09.2019,07,15,20,34,35,03
1226,15.09.2019,04,14,16,21,30,01
1227,16.09.2019,06,11,15,33,34,01
1228,17.09.2019,02,15,17,32,34,04
1229,18.09.2019,01,11,23,32,33,01
1230,19.09.2019,12,21,23,24,31,04
1231,20.09.2019,04,07,26,28,32,01
1232,21.09.2019,01,10,12,14,16,03
1233,22.09.2019,09,12,13,18,31,04
1234,23.09.2019,06,09,10,19,23,03
1235,24.09.2019,01,18,21,25,32,01
1236,25.09.2019,12,13,21,28,35,01
1237,26.09.2019,03,08,16,24,35,01
1238,27.09.2019,02,03,13,16,25,04
1239,28.09.2019,08,19,21,32,35,04
1240,29.09.2019,02,10,12,23,35,04
1241,30.09.2019,04,09,13,20,35,02
1242,01.10.2019,04,07,15,19,26,02
1243,02.10.2019,10,13,14,19,34,03
1244,03.10.2019,04,12,17,22,31,01
1245,04.10.2019,10,16,19,23,29,03
1246,05.10.2019,04,19,23,28,34,03
1247,06.10.2019,04,08,11,24,31,03
1248,07.10.2019,08,21,22,24,29,04
1249,08.10.2019,06,12,15,20,27,01
1250,09.10.2019,03,15,19,25,33,04
1251,10.10.2019,10,19,27,28,29,04
1252,11.10.2019,02,16,23,27,33,02
1253,12.10.2019,08,15,21,22,30,01
1254,13.10.2019,01,08,17,32,35,03
1255,14.10.2019,01,06,22,25,28,03
1256,15.10.2019,10,13,17,22,26,02
1257,16.10.2019,09,14,25,32,33,04
1258,17.10.2019,09,18,23,28,31,01
1259,18.10.2019,07,17,18,24,33,03
1260,19.10.2019,06,07,11,19,22,01
1261,20.10.2019,01,02,22,33,35,01
1262,21.10.2019,01,02,21,23,35,01
1263,22.10.2019,17,18,19,20,27,04
1264,23.10.2019,03,06,09,17,31,03
1265,24.10.2019,02,13,16,17,23,02
1266,25.10.2019,03,20,24,32,33,02
1267,26.10.2019,05,07,13,27,35,01
1268,27.10.2019,03,04,07,15,23,04
1269,28.10.2019,05,19,24,30,31,01
1270,29.10.2019,02,16,22,25,30,04
1271,30.10.2019,01,07,15,26,29,01
1272,31.10.2019,06,14,17,31,33,04
1273,01.11.2019,05,09,13,15,34,03
1274,02.11.2019,01,12,15,23,27,01
1275,03.11.2019,09,17,26,31,32,04
1276,04.11.2019,03,11,17,18,24,01
1277,05.11.2019,05,11,21,26,33,03
1278,06.11.2019,03,05,14,15,26,01
1279,07.11.2019,04,16,19,20,24,04
1280,08.11.2019,07,08,15,20,26,01
1281,09.11.2019,01,08,10,11,14,03
1282,10.11.2019,02,10,25,26,35,01
1283,11.11.2019,01,12,22,27,31,03
1284,12.11.2019,05,10,17,20,21,01
1285,13.11.2019,02,12,15,17,27,01
1286,14.11.2019,18,26,28,29,35,03
1287,15.11.2019,06,14,15,22,28,02
1288,16.11.2019,04,06,19,32,35,02
1289,17.11.2019,01,07,21,29,31,04
1290,18.11.2019,12,15,18,25,34,02
1291,19.11.2019,03,04,08,09,22,02
1292,20.11.2019,04,19,21,32,33,01
1293,21.11.2019,04,09,17,19,30,03
1294,22.11.2019,03,08,24,29,31,01
1295,23.11.2019,04,07,19,26,27,04
1296,24.11.2019,03,04,05,17,35,01
1297,25.11.2019,12,20,24,27,33,01
1298,26.11.2019,09,17,28,30,35,02
1299,27.11.2019,02,03,12,27,32,02
1300,28.11.2019,07,09,10,13,16,04
1301,29.11.2019,04,09,15,23,28,02
1302,30.11.2019,01,04,11,23,35,04
1303,01.12.2019,12,20,28,31,34,02
1304,02.12.2019,05,08,11,19,23,04
1305,03.12.2019,02,08,11,20,30,02
1306,04.12.2019,03,04,14,21,29,03
1307,05.12.2019,05,06,12,14,16,04
1308,06.12.2019,02,19,26,34,35,01
1309,07.12.2019,10,11,20,29,31,02
1310,08.12.2019,05,10,14,16,32,04
1311,09.12.2019,04,15,25,29,33,03
1312,10.12.2019,01,10,11,34,35,02
1313,11.12.2019,11,12,26,30,34,02
1314,12.12.2019,04,13,17,24,35,04
1315,13.12.2019,15,19,22,24,35,02
1316,14.12.2019,07,09,11,27,30,04
1317,15.12.2019,10,19,26,33,34,03
1318,16.12.2019,08,15,23,25,30,01
1319,17.12.2019,14,16,17,29,35,01
1320,18.12.2019,01,02,11,23,24,01
1321,19.12.2019,05,11,14,20,24,01
1322,20.12.2019,02,09,13,25,31,02
1323,21.12.2019,06,12,21,24,27,01
1324,22.12.2019,05,11,14,24,33,01
1325,23.12.2019,05,10,12,25,26,02
1326,24.12.2019,04,09,12,15,25,01
1327,25.12.2019,12,14,18,34,35,01
1328,26.12.2019,03,14,18,19,28,03
1329,27.12.2019,06,16,18,26,27,01
1330,28.12.2019,04,09,10,16,25,02
1331,29.12.2019,02,08,23,29,33,02
1332,30.12.2019,03,15,17,30,35,03
1333,31.12.2019,11,12,16,31,35,01
1334,01.01.2020,18,24,28,30,32,01
1335,02.01.2020,04,11,23,29,32,04
1336,03.01.2020,03,07,14,19,30,01
1337,04.01.2020,03,12,16,31,33,04
1338,05.01.2020,03,09,11,15,26,02
1339,06.01.2020,14,16,19,20,24,02
1340,07.01.2020,05,07,23,26,31,03
1341,08.01.2020,08,11,12,16,23,02
1342,09.01.2020,02,09,11,20,24,03
1343,10.01.2020,21,24,26,27,29,03
1344,11.01.2020,04,07,13,27,28,02
1345,12.01.2020,11,16,21,30,31,01
1346,13.01.2020,02,05,10,14,18,01
1347,14.01.2020,03,12,13,14,22,02
1348,15.01.2020,10,19,25,26,35,01
1349,16.01.2020,04,16,24,27,31,01
1350,17.01.2020,06,14,17,24,30,02
1351,18.01.2020,01,15,19,24,26,03
1352,19.01.2020,10,18,26,27,29,04
1353,20.01.2020,04,12,15,17,24,01
1354,21.01.2020,05,08,11,15,22,03
1355,22.01.2020,04,08,09,14,21,01
1356,23.01.2020,01,03,31,32,34,04
1357,24.01.2020,01,08,17,18,35,03
1358,25.01.2020,01,03,10,14,32,03
1359,26.01.2020,06,10,15,22,26,03
1360,27.01.2020,06,10,13,14,17,04
1361,28.01.2020,27,28,32,34,35,01
1362,29.01.2020,08,12,14,26,32,03
1363,30.01.2020,03,04,11,26,29,03
1364,31.01.2020,05,08,09,24,27,02
1365,01.02.2020,01,11,15,17,18,04
1366,02.02.2020,08,25,28,31,34,03
1367,03.02.2020,10,12,13,15,27,01
1368,04.02.2020,01,12,24,26,31,03
1369,05.02.2020,04,05,09,11,29,04
1370,06.02.2020,09,15,19,27,34,04
1371,07.02.2020,06,21,30,31,32,03
1372,08.02.2020,04,10,12,16,33,04
1373,09.02.2020,06,12,17,28,29,04
1374,10.02.2020,01,04,09,20,35,02
1375,11.02.2020,01,05,24,25,26,02
1376,12.02.2020,07,11,12,18,19,04
1377,13.02.2020,06,09,12,18,21,02
1378,14.02.2020,01,02,15,26,31,02
1379,15.02.2020,11,14,21,22,23,02
1380,16.02.2020,04,09,16,29,31,03
1381,17.02.2020,05,06,13,15,28,02
1382,18.02.2020,05,06,10,21,26,01
1383,19.02.2020,16,17,18,22,23,04
1384,20.02.2020,02,09,15,28,34,03
1385,21.02.2020,02,10,12,28,35,02
1386,22.02.2020,04,15,20,22,35,01
1387,23.02.2020,02,22,24,29,32,01
1388,24.02.2020,10,17,24,31,35,01
1389,25.02.2020,04,24,27,32,34,01
1390,26.02.2020,04,10,11,24,27,01
1391,27.02.2020,14,16,17,28,30,01
1392,28.02.2020,01,12,16,31,34,02
1393,29.02.2020,01,07,22,23,31,01
1394,01.03.2020,10,16,24,31,33,03
1395,02.03.2020,01,09,10,17,35,02
1396,03.03.2020,09,10,26,27,31,02
1397,04.03.2020,02,20,22,29,32,01
1398,05.03.2020,03,09,17,20,30,02
1399,06.03.2020,04,06,09,23,28,03
1400,07.03.2020,02,07,15,28,32,04
1401,08.03.2020,06,08,12,19,33,02
1402,09.03.2020,05,09,11,12,14,02
1403,10.03.2020,05,15,20,23,25,03
1404,11.03.2020,01,03,10,20,35,01
1405,12.03.2020,03,12,19,20,35,04
1406,13.03.2020,03,12,14,26,31,04
1407,14.03.2020,11,17,23,26,31,04
1408,15.03.2020,16,31,33,34,35,03
1409,16.03.2020,14,15,19,23,33,03
1410,17.03.2020,11,13,28,31,34,04
1411,18.03.2020,04,05,10,24,35,02
1412,19.03.2020,11,12,17,29,33,04
1413,20.03.2020,09,12,15,23,24,01
1414,21.03.2020,09,12,18,30,34,01
1415,22.03.2020,02,03,07,18,30,04
1416,23.03.2020,10,11,20,30,32,02
1417,24.03.2020,04,12,19,24,25,02
1418,25.03.2020,17,20,23,27,28,01
1419,26.03.2020,05,08,15,22,24,04
1420,27.03.2020,04,13,23,27,30,04
1421,28.03.2020,02,08,28,30,33,01
1422,29.03.2020,06,07,19,21,31,04
1423,30.03.2020,04,18,21,28,30,02
1424,31.03.2020,03,04,14,23,27,01
1425,01.04.2020,03,11,17,18,35,02
1426,02.04.2020,01,04,05,07,23,03
1427,03.04.2020,04,07,15,28,29,02
1428,04.04.2020,04,05,11,15,31,02
1429,05.04.2020,20,21,26,28,30,04
1430,06.04.2020,05,06,10,14,28,04
1431,07.04.2020,01,02,14,19,32,03
1432,08.04.2020,11,14,16,19,33,03
1433,09.04.2020,11,18,22,26,32,01
1434,10.04.2020,03,06,11,15,29,02
1435,11.04.2020,14,15,22,27,29,03
1436,12.04.2020,20,21,26,34,35,01
1437,13.04.2020,04,09,15,22,31,01
1438,14.04.2020,05,06,29,32,34,03
1439,15.04.2020,06,14,16,23,35,01
1440,16.04.2020,04,07,22,25,33,02
1441,17.04.2020,12,26,29,30,35,02
1442,18.04.2020,07,15,26,28,34,04
1443,19.04.2020,08,14,26,32,35,04
1444,20.04.2020,07,11,15,16,28,03
1445,21.04.2020,13,16,17,23,25,01
1446,22.04.2020,12,17,19,27,31,02
1447,23.04.2020,07,09,12,15,18,01
1448,24.04.2020,09,14,17,20,32,04
1449,25.04.2020,04,10,15,18,35,03
1450,26.04.2020,01,03,11,13,22,02
1451,27.04.2020,06,12,15,27,34,03
1452,28.04.2020,01,03,08,18,35,02
1453,29.04.2020,05,16,17,23,33,03
1454,30.04.2020,09,14,17,20,29,04
1455,01.05.2020,03,20,27,30,33,01
1456,02.05.2020,04,10,11,13,24,04
1457,03.05.2020,09,11,14,21,27,03
1458,04.05.2020,04,09,14,29,32,01
1459,05.05.2020,12,15,16,28,29,02
1460,06.05.2020,19,21,23,26,35,02
1461,07.05.2020,08,17,30,31,32,02
1462,08.05.2020,06,14,20,21,28,02
1463,09.05.2020,01,13,17,18,26,04
1464,10.05.2020,03,04,12,13,19,02
1465,11.05.2020,08,13,15,32,34,02
1466,12.05.2020,10,15,22,28,30,02
1467,13.05.2020,01,04,10,20,28,02
1468,14.05.2020,05,12,16,33,34,04
1469,15.05.2020,04,06,08,22,32,01
1470,16.05.2020,05,10,11,28,32,02
1471,17.05.2020,04,15,19,21,26,03
1472,18.05.2020,02,11,19,20,21,03
1473,19.05.2020,19,20,25,28,35,04
1474,20.05.2020,05,06,08,20,26,03
1475,21.05.2020,01,19,20,23,33,02
1476,22.05.2020,16,21,23,29,35,04
1477,23.05.2020,01,03,09,14,25,04
1478,24.05.2020,06,11,14,18,27,03
1479,25.05.2020,07,08,26,27,30,03
1480,26.05.2020,07,17,22,26,29,03
1481,27.05.2020,07,12,14,20,21,03
1482,28.05.2020,06,12,13,19,30,01
1483,29.05.2020,04,06,09,26,31,03
1484,30.05.2020,03,04,26,31,33,03
1485,31.05.2020,03,05,14,30,33,01
1486,01.06.2020,03,05,13,16,23,04
1487,02.06.2020,04,06,08,25,29,03
1488,03.06.2020,04,06,12,14,35,02
1489,04.06.2020,14,18,23,25,31,04
1490,05.06.2020,03,13,22,27,29,03
1491,06.06.2020,05,06,08,11,26,01
1492,07.06.2020,10,16,26,32,35,01
1493,08.06.2020,13,17,23,28,32,01
1494,09.06.2020,01,06,07,18,19,04
1495,10.06.2020,01,02,15,27,33,03
1496,11.06.2020,06,13,17,21,34,03
1497,12.06.2020,17,20,21,30,33,04
1498,13.06.2020,04,15,23,32,34,01
1499,14.06.2020,02,09,13,18,26,03
1500,15.06.2020,13,16,18,19,32,02
1501,16.06.2020,11,12,21,22,29,01
1502,17.06.2020,01,02,11,20,30,04
1503,18.06.2020,04,11,17,21,31,03
1504,19.06.2020,01,09,17,28,30,04
1505,20.06.2020,01,17,18,23,30,02
1506,21.06.2020,02,06,09,28,29,03
1507,22.06.2020,04,05,12,17,30,04
1508,23.06.2020,03,07,23,27,35,01
1509,24.06.2020,05,14,16,24,26,03
1510,25.06.2020,03,08,15,18,20,03
1511,26.06.2020,03,09,18,20,25,04
1512,27.06.2020,02,19,20,21,23,01
1513,28.06.2020,06,08,09,20,33,02
1514,29.06.2020,02,08,21,22,24,03
1515,30.06.2020,23,24,29,31,35,03
1516,01.07.2020,07,09,14,18,29,04
1517,02.07.2020,01,13,28,33,34,01
1518,03.07.2020,13,16,23,27,29,04
1519,04.07.2020,03,10,11,14,32,01
1520,05.07.2020,04,19,26,29,30,02
1521,06.07.2020,01,25,29,31,34,04
1522,07.07.2020,07,12,16,22,31,01
1523,08.07.2020,01,15,19,30,31,02
1524,09.07.2020,07,08,15,21,29,03
1525,10.07.2020,07,13,19,28,34,03
1526,11.07.2020,04,06,09,21,35,04
1527,12.07.2020,04,14,26,27,34,02
1528,13.07.2020,04,08,09,20,31,02
1529,14.07.2020,01,03,14,20,29,04
1530,15.07.2020,03,11,14,18,26,04
1531,16.07.2020,08,09,23,28,29,03
1532,17.07.2020,09,12,25,28,30,01
1533,18.07.2020,02,07,12,29,34,04
1534,19.07.2020,05,12,15,22,23,03
1535,20.07.2020,06,11,12,15,16,02
1536,21.07.2020,01,09,11,19,24,04
1537,22.07.2020,02,04,07,22,35,03
1538,23.07.2020,03,04,19,31,32,04
1539,24.07.2020,09,11,21,30,34,03
1540,25.07.2020,01,02,05,31,35,04
1541,26.07.2020,04,16,22,31,35,03
1542,27.07.2020,03,11,29,30,34,01
1543,28.07.2020,06,11,15,19,35,04
1544,29.07.2020,12,28,29,32,34,03
1545,30.07.2020,04,11,14,16,19,04
1546,31.07.2020,03,09,18,20,35,01
1547,01.08.2020,04,06,11,16,35,01
1548,02.08.2020,07,13,15,23,33,01
1549,03.08.2020,07,24,27,29,34,03
1550,04.08.2020,08,13,17,20,27,04
1551,05.08.2020,06,12,17,22,26,01
1552,06.08.2020,08,10,25,29,31,01
1553,07.08.2020,03,05,08,09,17,04
1554,08.08.2020,02,06,20,22,28,03
1555,09.08.2020,04,12,17,27,35,01
1556,10.08.2020,03,09,12,34,35,03
1557,11.08.2020,02,17,24,30,35,02
1558,12.08.2020,14,20,26,31,34,04
1559,13.08.2020,08,14,19,22,25,03
1560,14.08.2020,09,13,15,23,24,01
1561,15.08.2020,08,12,19,22,34,01
1562,16.08.2020,02,06,09,20,24,04
1563,17.08.2020,03,05,14,33,34,02
1564,18.08.2020,01,18,21,22,27,01
1565,19.08.2020,03,08,21,22,33,03
1566,20.08.2020,17,21,27,31,34,04
1567,21.08.2020,04,08,17,20,35,01
1568,22.08.2020,17,19,23,24,31,04
1569,23.08.2020,02,11,13,28,29,04
1570,24.08.2020,06,08,11,15,33,04
1571,25.08.2020,02,04,28,29,34,01
1572,26.08.2020,04,06,27,30,34,04
1573,27.08.2020,06,13,24,29,33,03
1574,28.08.2020,01,04,08,11,16,03
1575,29.08.2020,05,07,11,13,15,03
1576,30.08.2020,01,08,24,29,33,04
1577,31.08.2020,03,22,23,30,33,01
1578,01.09.2020,05,10,21,27,32,02
1579,02.09.2020,03,13,19,25,27,04
1580,03.09.2020,07,09,11,25,30,01
1581,04.09.2020,01,12,28,31,32,02
1582,05.09.2020,01,08,09,19,34,01
1583,06.09.2020,01,03,11,18,27,03
1584,07.09.2020,08,12,14,15,35,01
1585,08.09.2020,09,15,17,24,35,01
1586,09.09.2020,07,16,17,21,26,03
1587,10.09.2020,06,24,25,30,35,01
1588,11.09.2020,01,09,18,25,33,02
1589,12.09.2020,04,13,19,28,34,03
1590,13.09.2020,05,12,20,29,35,04
1591,14.09.2020,05,09,12,17,23,02
1592,15.09.2020,02,06,10,18,26,02
1593,16.09.2020,03,17,32,33,35,02
1594,17.09.2020,01,11,13,17,21,02
1595,18.09.2020,11,12,24,30,35,01
1596,19.09.2020,20,24,27,29,33,03
1597,20.09.2020,02,13,15,25,26,04
1598,21.09.2020,08,11,22,25,27,03
1599,22.09.2020,03,05,08,13,33,03
1600,23.09.2020,03,12,15,24,29,03
1601,24.09.2020,03,11,15,19,33,02
1602,25.09.2020,06,07,08,14,34,02
1603,26.09.2020,16,18,19,30,31,03
1604,27.09.2020,03,10,16,27,34,01
1605,28.09.2020,18,19,21,24,35,04
1606,29.09.2020,05,24,32,33,34,02
1607,30.09.2020,07,09,15,24,28,03
1608,01.10.2020,05,12,17,20,21,03
1609,02.10.2020,03,13,17,19,21,03
1610,03.10.2020,04,16,23,30,33,02
1611,04.10.2020,06,13,14,15,34,02
1612,05.10.2020,06,11,24,28,32,01
1613,06.10.2020,05,09,18,20,31,04
1614,07.10.2020,14,15,18,31,33,04
1615,08.10.2020,01,04,12,19,34,04
1616,09.10.2020,09,14,18,27,33,02
1617,10.10.2020,04,05,06,08,25,01
1618,11.10.2020,03,10,17,22,25,03
1619,12.10.2020,01,06,15,17,19,01
1620,13.10.2020,10,11,14,17,26,03
1621,14.10.2020,06,14,19,25,35,01
1622,15.10.2020,02,11,17,18,20,03
1623,16.10.2020,16,20,23,27,28,02
1624,17.10.2020,03,05,12,18,35,03
1625,18.10.2020,14,17,21,23,33,02
1626,19.10.2020,02,12,22,27,35,04
1627,20.10.2020,03,05,07,16,34,04
1628,21.10.2020,01,04,05,10,33,01
1629,22.10.2020,04,09,13,21,31,02
1630,23.10.2020,07,18,22,32,34,02
1631,24.10.2020,12,25,26,28,29,01
1632,25.10.2020,07,08,09,14,34,02
1633,26.10.2020,01,02,22,28,35,01
1634,27.10.2020,01,12,13,19,25,02
1635,28.10.2020,02,17,20,24,26,01
1636,29.10.2020,07,10,23,32,33,04
1637,30.10.2020,01,08,15,23,28,04
1638,31.10.2020,02,07,18,26,34,02
1639,01.11.2020,06,11,19,20,29,01
1640,02.11.2020,01,02,04,31,32,02
1641,03.11.2020,10,18,20,32,33,02
1642,04.11.2020,03,17,26,27,34,02
1643,05.11.2020,03,14,20,27,31,02
1644,06.11.2020,16,19,20,28,33,04
1645,07.11.2020,04,14,20,22,30,03
1646,08.11.2020,07,24,27,28,29,01
1647,09.11.2020,03,07,21,24,29,03
1648,10.11.2020,08,15,17,24,26,03
1649,11.11.2020,01,09,13,18,21,02
1650,12.11.2020,20,23,27,29,34,02
1651,13.11.2020,13,19,26,27,35,03
1652,14.11.2020,10,17,18,23,27,01
1653,15.11.2020,14,19,20,28,31,03
1654,16.11.2020,04,12,22,28,32,03
1655,17.11.2020,10,12,14,18,35,02
1656,18.11.2020,07,08,12,13,29,02
1657,19.11.2020,02,05,07,12,33,01
1658,20.11.2020,12,13,16,28,31,03
1659,21.11.2020,05,08,23,29,31,04
1660,22.11.2020,12,14,17,27,28,01
1661,23.11.2020,04,10,14,16,19,04
1662,24.11.2020,01,06,26,31,32,02
1663,25.11.2020,06,07,17,24,26,01
1664,26.11.2020,08,17,28,31,34,02
1665,27.11.2020,12,14,17,22,30,04
1666,28.11.2020,02,04,06,24,25,03
1667,29.11.2020,10,16,19,30,34,03
1668,30.11.2020,09,17,27,31,33,01
1669,01.12.2020,05,06,09,16,18,02
1670,02.12.2020,03,11,25,30,31,04
1671,03.12.2020,02,18,21,22,29,03
1672,04.12.2020,03,05,07,20,25,01
1673,05.12.2020,04,15,16,21,31,03
1674,06.12.2020,01,02,21,26,34,02
1675,07.12.2020,10,14,32,33,34,01
1676,08.12.2020,05,09,14,16,32,02
1677,09.12.2020,02,20,28,30,35,02
1678,10.12.2020,04,10,12,14,19,01
1679,11.12.2020,17,21,23,26,35,02
1680,12.12.2020,11,18,28,32,33,02
1681,13.12.2020,02,08,21,27,33,03
1682,14.12.2020,05,19,20,24,30,02
1683,15.12.2020,09,10,13,27,35,03
1684,16.12.2020,01,05,06,27,28,03
1685,17.12.2020,02,11,15,23,25,02
1686,18.12.2020,02,09,16,21,30,03
1687,19.12.2020,04,13,20,22,27,01
1688,20.12.2020,04,05,16,19,31,03
1689,21.12.2020,02,13,14,24,32,02
1690,22.12.2020,09,10,18,29,30,02
1691,23.12.2020,05,10,15,30,33,03
1692,24.12.2020,04,08,09,22,34,01
1693,25.12.2020,16,26,28,29,30,01
1694,26.12.2020,01,10,14,15,32,02
1695,27.12.2020,02,03,20,31,32,03
1696,28.12.2020,11,17,29,31,34,02
1697,29.12.2020,04,20,28,29,30,02
1698,30.12.2020,17,20,24,25,30,03
1699,31.12.2020,02,14,16,23,25,04
1700,01.01.2021,06,12,24,30,33,01
1701,02.01.2021,04,09,15,23,25,03
1702,03.01.2021,03,08,14,17,32,02
1703,04.01.2021,05,07,12,26,28,03
1704,05.01.2021,07,12,16,17,28,03
1705,06.01.2021,01,07,13,24,33,02
1706,07.01.2021,07,25,28,30,34,04
1707,08.01.2021,02,07,12,27,34,02
1708,09.01.2021,02,14,17,22,29,03
1709,10.01.2021,08,13,24,27,33,02
1710,11.01.2021,03,06,14,28,31,04
1711,12.01.2021,05,06,07,17,26,03
1712,13.01.2021,05,09,12,13,18,02
1713,14.01.2021,01,02,04,20,21,02
1714,15.01.2021,10,12,15,21,28,02
1715,16.01.2021,01,05,07,24,32,02
1716,17.01.2021,02,06,11,24,31,04
1717,18.01.2021,06,09,14,15,30,04
1718,19.01.2021,03,09,18,21,28,03
1719,20.01.2021,04,12,14,18,29,03
1720,21.01.2021,01,04,16,19,34,01
1721,22.01.2021,12,21,28,29,33,03
1722,23.01.2021,10,11,13,23,31,03
1723,24.01.2021,02,15,23,26,33,04
1724,25.01.2021,02,05,08,11,14,01
1725,26.01.2021,04,21,23,33,35,01
1726,27.01.2021,04,09,12,13,29,01
1727,28.01.2021,03,19,20,28,31,01
1728,29.01.2021,07,18,23,29,32,02
1729,30.01.2021,02,12,15,16,35,02
1730,31.01.2021,05,12,16,22,32,01
1731,01.02.2021,01,16,18,25,30,01
1732,02.02.2021,01,20,22,29,32,03
1733,03.02.2021,02,15,16,23,26,04
1734,04.02.2021,10,12,16,29,35,01
1735,05.02.2021,07,10,12,16,27,01
1736,06.02.2021,02,17,18,23,32,03
1737,07.02.2021,02,10,17,28,32,03
1738,08.02.2021,01,12,14,28,32,01
1739,09.02.2021,08,09,16,29,35,03
1740,10.02.2021,02,12,13,16,22,03
1741,11.02.2021,15,16,19,21,23,04
1742,12.02.2021,13,14,15,18,23,01
1743,13.02.2021,04,14,17,24,31,01
1744,14.02.2021,02,05,07,21,26,02
1745,15.02.2021,13,21,23,25,29,01
1746,16.02.2021,03,08,11,15,18,01
1747,17.02.2021,10,15,21,32,34,02
1748,18.02.2021,01,02,13,26,35,02
1749,19.02.2021,10,12,23,31,32,03
1750,20.02.2021,12,14,16,24,28,04
1751,21.02.2021,02,09,25,30,35,04
1752,22.02.2021,01,09,15,22,29,03
1753,23.02.2021,05,24,27,29,31,01
1754,24.02.2021,07,17,19,25,29,01
1755,25.02.2021,11,14,18,25,32,03
1756,26.02.2021,13,26,29,30,31,03
1757,27.02.2021,08,09,11,20,32,04
1758,28.02.2021,02,05,09,12,19,02
1759,01.03.2021,07,09,14,15,22,04
1760,02.03.2021,09,24,25,27,28,04
1761,03.03.2021,02,15,24,26,27,04
1762,04.03.2021,04,14,26,27,35,02
1763,05.03.2021,03,15,20,25,29,04
1764,06.03.2021,11,21,27,28,34,04
1765,07.03.2021,10,18,20,25,32,01
1766,08.03.2021,06,12,13,17,30,02
1767,09.03.2021,01,08,19,23,34,01
1768,10.03.2021,03,06,17,23,35,02
1769,11.03.2021,08,13,15,17,29,03
1770,12.03.2021,01,03,18,21,32,04
1771,13.03.2021,02,15,19,26,35,04
1772,14.03.2021,01,13,14,16,22,02
1773,15.03.2021,08,19,23,27,34,01
1774,16.03.2021,03,08,19,30,33,01
1775,17.03.2021,04,09,19,26,30,03
1776,18.03.2021,01,06,15,24,28,03
1777,19.03.2021,17,25,29,32,35,02
1778,20.03.2021,14,18,22,27,32,04
1779,21.03.2021,16,20,23,30,33,02
1780,22.03.2021,07,08,16,22,34,01
1781,23.03.2021,04,14,26,28,31,04
1782,24.03.2021,03,04,08,17,32,03
1783,25.03.2021,14,16,27,29,31,01
1784,26.03.2021,03,06,21,28,34,01
1785,27.03.2021,14,18,25,28,33,04
1786,28.03.2021,11,13,15,25,35,04
1787,29.03.2021,10,12,19,26,34,01
1788,30.03.2021,10,11,15,24,27,03
1789,31.03.2021,03,04,16,24,27,02
1790,01.04.2021,11,15,21,31,32,02
1791,02.04.2021,02,16,17,20,29,01
1792,03.04.2021,12,18,21,31,33,02
1793,04.04.2021,07,14,18,23,27,04
1794,05.04.2021,01,06,12,13,27,04
1795,06.04.2021,10,15,17,18,30,03
1796,07.04.2021,01,02,13,17,31,04
1797,08.04.2021,01,09,12,30,33,04
1798,09.04.2021,01,09,15,19,35,02
1799,10.04.2021,02,05,13,22,24,03
1800,11.04.2021,09,11,15,26,33,04
1801,12.04.2021,02,07,09,28,31,03
1802,13.04.2021,01,04,05,11,27,04
1803,14.04.2021,01,07,10,12,26,01
1804,15.04.2021,02,05,16,21,31,01
1805,16.04.2021,06,15,17,18,24,04
1806,17.04.2021,15,21,23,26,35,01
1807,18.04.2021,10,14,28,29,35,03
1808,19.04.2021,01,03,17,19,26,04
1809,20.04.2021,24,28,29,31,32,01
1810,21.04.2021,02,13,15,18,27,02
1811,22.04.2021,20,25,30,33,35,02
1812,23.04.2021,04,18,20,23,31,04
1813,24.04.2021,02,06,07,33,35,02
1814,25.04.2021,13,23,30,31,34,01
1815,26.04.2021,07,17,21,32,34,04
1816,27.04.2021,05,13,16,18,26,01
1817,28.04.2021,06,12,14,21,22,02
1818,29.04.2021,03,04,06,09,24,02
1819,30.04.2021,03,10,18,25,28,01
1820,01.05.2021,01,11,14,18,21,01
1821,02.05.2021,02,06,25,31,32,02
1822,03.05.2021,08,10,17,24,35,03
1823,04.05.2021,16,19,21,22,24,03
1824,05.05.2021,02,03,10,12,23,03
1825,06.05.2021,02,11,18,20,32,01
1826,07.05.2021,04,15,22,31,35,04
1827,08.05.2021,18,22,28,29,34,01
1828,09.05.2021,01,04,11,16,31,01
1829,10.05.2021,13,23,27,29,30,01
1830,11.05.2021,04,10,18,29,31,01
1831,12.05.2021,12,14,15,18,35,01
1832,13.05.2021,05,12,19,20,30,01
1833,14.05.2021,03,06,26,27,33,04
1834,15.05.2021,05,06,07,13,34,03
1835,16.05.2021,10,13,19,21,29,01
1836,17.05.2021,02,12,17,26,27,04
1837,18.05.2021,06,09,21,23,26,03
1838,19.05.2021,09,24,25,31,35,04
1839,20.05.2021,03,12,18,25,32,02
1840,21.05.2021,04,14,27,31,34,04
1841,22.05.2021,01,16,18,25,33,04
1842,23.05.2021,05,08,10,21,27,01
1843,24.05.2021,01,04,20,23,28,03
1844,25.05.2021,03,04,13,14,29,04
1845,26.05.2021,03,04,10,21,30,03
1846,27.05.2021,08,10,27,31,34,03
1847,28.05.2021,11,23,27,34,35,02
1848,29.05.2021,07,10,12,19,35,03
1849,30.05.2021,03,04,08,11,15,01
1850,31.05.2021,05,10,11,13,29,02
1851,01.06.2021,05,09,15,20,32,04
1852,02.06.2021,14,17,18,25,35,01
1853,03.06.2021,01,15,18,20,28,02
1854,04.06.2021,04,08,11,16,28,01
1855,05.06.2021,02,05,12,17,34,02
1856,06.06.2021,06,08,18,29,35,04
1857,07.06.2021,03,12,13,32,33,02
1858,08.06.2021,02,05,07,12,30,01
1859,09.06.2021,09,16,19,21,23,04
1860,10.06.2021,04,06,09,11,30,02
1861,11.06.2021,08,10,14,17,35,01
1862,12.06.2021,10,22,23,32,34,01
1863,13.06.2021,05,14,25,33,34,01
1864,14.06.2021,01,06,21,26,29,03
1865,15.06.2021,06,10,18,22,24,01
1866,16.06.2021,07,13,16,22,32,03
1867,17.06.2021,01,14,24,25,30,02
1868,18.06.2021,04,08,11,12,23,02
1869,19.06.2021,01,17,20,23,31,03
1870,20.06.2021,01,26,27,30,34,03
1871,21.06.2021,09,10,13,29,30,02
1872,22.06.2021,03,11,12,13,32,04
1873,23.06.2021,03,13,19,26,27,04
1874,24.06.2021,06,09,10,11,31,04
1875,25.06.2021,05,10,12,16,25,04
1876,26.06.2021,10,13,19,23,30,04
1877,27.06.2021,05,13,21,23,24,03
1878,28.06.2021,13,16,19,20,30,04
1879,29.06.2021,17,20,22,23,31,02
1880,30.06.2021,02,07,09,12,14,04
1881,01.07.2021,01,08,15,27,28,04
1882,02.07.2021,07,19,22,25,28,03
1883,03.07.2021,04,10,11,16,23,01
1884,04.07.2021,05,10,23,25,30,01
1885,05.07.2021,09,17,24,29,30,03
1886,06.07.2021,06,24,25,26,32,02
1887,07.07.2021,02,14,15,31,32,03
1888,08.07.2021,06,09,12,16,27,01
1889,09.07.2021,07,09,18,30,31,03
1890,10.07.2021,17,20,29,30,34,02
1891,11.07.2021,09,19,25,28,29,02
1892,12.07.2021,02,07,10,12,23,01
1893,13.07.2021,02,11,23,24,30,01
1894,14.07.2021,02,06,21,25,35,01
1895,15.07.2021,01,04,06,09,33,04
1896,16.07.2021,12,13,24,28,32,01
1897,17.07.2021,04,08,14,28,32,02
1898,18.07.2021,11,12,15,18,28,03
1899,19.07.2021,06,14,16,27,29,01
1900,20.07.2021,09,19,22,26,32,02
1901,21.07.2021,01,11,16,26,30,03
1902,22.07.2021,03,20,26,29,30,02
1903,23.07.2021,03,19,22,24,31,02
1904,24.07.2021,06,09,10,29,32,02
1905,25.07.2021,15,20,22,31,33,01
1906,26.07.2021,06,15,31,32,35,02
1907,27.07.2021,02,12,21,22,23,02
1908,28.07.2021,07,09,18,27,28,04
1909,29.07.2021,18,24,25,31,35,04
1910,30.07.2021,03,06,26,29,30,01
1911,31.07.2021,04,18,21,22,32,03
1912,01.08.2021,02,07,15,22,28,01
1913,02.08.2021,12,18,21,30,34,04
1914,03.08.2021,02,04,21,22,26,04
1915,04.08.2021,07,08,21,22,32,04
1916,05.08.2021,11,23,25,30,33,01
1917,06.08.2021,07,09,24,26,30,04
1918,07.08.2021,02,10,16,19,34,03
1919,08.08.2021,08,09,20,31,35,04
1920,09.08.2021,02,05,21,29,33,01
1921,10.08.2021,07,13,16,18,27,02
1922,11.08.2021,06,15,17,32,34,01
1923,12.08.2021,05,09,29,30,31,02
1924,13.08.2021,11,12,19,25,26,02
1925,14.08.2021,05,06,11,16,17,03
1926,15.08.2021,05,13,19,21,26,03
1927,16.08.2021,03,05,22,24,34,04
1928,17.08.2021,09,10,14,17,31,04
1929,18.08.2021,16,19,26,33,35,03
1930,19.08.2021,04,17,27,32,35,04
1931,20.08.2021,09,10,11,27,33,03
1932,21.08.2021,19,22,26,31,33,01
1933,22.08.2021,10,16,18,23,26,04
1934,23.08.2021,01,15,29,30,31,01
1935,24.08.2021,01,08,25,29,30,03
1936,25.08.2021,03,06,07,11,31,03
1937,26.08.2021,10,12,16,23,25,01
1938,27.08.2021,02,07,10,15,19,04
1939,28.08.2021,03,14,15,34,35,04
1940,29.08.2021,03,05,10,15,28,04
1941,30.08.2021,09,20,30,31,32,01
1942,31.08.2021,08,19,22,23,24,04
1943,01.09.2021,13,14,29,31,34,04
1944,02.09.2021,03,18,22,31,34,04
1945,03.09.2021,03,22,24,29,30,04
1946,04.09.2021,03,06,21,26,29,01
1947,05.09.2021,01,05,10,15,33,01
1948,06.09.2021,02,16,21,23,31,02
1949,07.09.2021,01,06,18,33,35,01
1950,08.09.2021,08,09,17,30,35,02
1951,09.09.2021,06,15,17,20,31,03
1952,10.09.2021,05,07,17,21,25,02
1953,11.09.2021,05,08,21,30,32,01
1954,12.09.2021,01,04,20,25,30,03
1955,13.09.2021,08,10,17,31,35,01
1956,14.09.2021,14,19,29,30,32,01
1957,15.09.2021,01,09,11,23,30,01
1958,16.09.2021,02,09,20,27,28,03
1959,17.09.2021,05,13,17,19,23,02
1960,18.09.2021,02,11,14,24,33,03
1961,19.09.2021,04,10,17,24,25,01
1962,20.09.2021,08,11,15,22,28,01
1963,21.09.2021,04,08,10,14,22,01
1964,22.09.2021,04,20,21,28,31,04
1965,23.09.2021,04,09,10,14,20,02
1966,24.09.2021,05,07,11,14,22,04
1967,25.09.2021,13,14,15,23,28,01
1968,26.09.2021,03,07,08,26,27,03
1969,27.09.2021,04,12,24,25,29,03
1970,28.09.2021,14,15,25,30,35,04
1971,29.09.2021,01,19,20,22,35,03
1972,30.09.2021,21,22,24,33,34,03
1973,01.10.2021,02,05,09,12,20,01
1974,02.10.2021,01,09,11,24,27,01
1975,03.10.2021,10,15,22,30,34,01
1976,04.10.2021,23,26,27,29,30,02
1977,05.10.2021,06,15,20,23,33,02
1978,06.10.2021,08,12,16,33,35,04
1979,07.10.2021,06,08,23,26,31,03
1980,08.10.2021,06,08,12,23,33,01
1981,09.10.2021,02,21,27,31,34,02
1982,10.10.2021,07,11,14,24,28,01
1983,11.10.2021,04,06,09,29,33,04
1984,12.10.2021,21,22,26,29,31,04
1985,13.10.2021,01,15,21,26,33,04
1986,14.10.2021,01,07,24,32,35,02
1987,15.10.2021,03,10,17,23,27,04
1988,16.10.2021,07,08,09,10,34,03
1989,17.10.2021,01,04,10,21,25,02
1990,18.10.2021,05,08,23,28,31,02
1991,19.10.2021,10,22,31,34,35,03
1992,20.10.2021,01,04,05,14,33,04
1993,21.10.2021,02,06,12,15,16,03
1994,22.10.2021,04,20,23,31,34,02
1995,23.10.2021,12,13,14,16,22,02
1996,24.10.2021,01,03,07,22,31,03
1997,25.10.2021,22,23,24,25,26,03
1998,26.10.2021,03,08,13,19,30,01
1999,27.10.2021,04,05,14,30,33,01
2000,28.10.2021,04,07,22,25,35,02
2001,29.10.2021,18,27,28,30,34,01
2002,30.10.2021,03,04,10,29,31,04
2003,31.10.2021,06,14,18,22,24,02
2004,01.11.2021,02,03,09,21,23,03
2005,02.11.2021,06,14,21,22,23,04
2006,03.11.2021,05,12,14,25,32,01
2007,04.11.2021,04,19,21,23,24,01
2008,05.11.2021,12,14,24,30,32,02
2009,06.11.2021,10,14,27,28,30,04
2010,07.11.2021,15,22,24,29,30,04
2011,08.11.2021,06,16,19,33,35,04
2012,09.11.2021,15,25,29,32,35,01
2013,10.11.2021,05,18,26,27,33,03
2014,11.11.2021,19,21,32,34,35,03
2015,12.11.2021,05,08,13,20,23,03
2016,13.11.2021,06,19,26,28,32,01
2017,14.11.2021,01,03,09,16,18,04
2018,15.11.2021,24,26,28,30,33,01
2019,16.11.2021,06,10,13,19,32,01
2020,17.11.2021,02,03,21,33,34,04
2021,18.11.2021,04,12,13,20,27,01
2022,19.11.2021,06,07,16,28,35,03
2023,20.11.2021,01,03,12,21,30,01
2024,21.11.2021,02,04,30,31,34,02
2025,22.11.2021,10,14,29,30,31,03
2026,23.11.2021,08,26,28,32,34,03
2027,24.11.2021,02,03,08,12,26,02
2028,25.11.2021,02,06,12,30,32,04
2029,26.11.2021,14,21,24,25,34,04
2030,27.11.2021,15,22,26,31,32,02
2031,28.11.2021,01,09,18,21,35,02
2032,29.11.2021,05,11,15,18,20,02
2033,30.11.2021,11,17,25,31,33,01
2034,01.12.2021,01,06,08,17,22,02
2035,02.12.2021,04,05,10,21,27,03
2036,03.12.2021,04,08,21,30,31,03
2037,04.12.2021,06,07,13,16,32,03
2038,05.12.2021,02,10,15,23,35,04
2039,06.12.2021,07,12,15,16,22,04
2040,07.12.2021,13,16,17,28,31,04
2041,08.12.2021,12,13,15,21,27,02
2042,09.12.2021,06,09,11,15,24,02
2043,10.12.2021,12,14,15,19,35,03
2044,11.12.2021,03,06,12,32,34,03
2045,12.12.2021,01,09,12,18,34,01
2046,13.12.2021,04,05,08,09,28,03
2047,14.12.2021,05,07,22,26,27,04
2048,15.12.2021,01,02,17,21,23,01
2049,16.12.2021,01,06,16,24,27,01
2050,17.12.2021,07,12,19,20,26,03
2051,18.12.2021,11,18,23,26,35,04
2052,19.12.2021,01,06,08,17,19,04
2053,20.12.2021,14,15,19,22,29,01
2054,21.12.2021,11,13,16,20,30,02
2055,22.12.2021,06,11,13,18,34,01
2056,23.12.2021,06,11,16,28,29,03
2057,24.12.2021,02,08,14,15,33,02
2058,25.12.2021,03,05,24,25,30,01
2059,26.12.2021,10,14,20,25,28,02
2060,27.12.2021,03,07,12,19,35,02
2061,28.12.2021,03,11,18,26,29,04
2062,29.12.2021,11,17,23,28,35,03
2063,30.12.2021,06,08,11,16,23,02
2064,31.12.2021,03,06,14,20,35,01
2065,01.01.2022,05,25,30,33,35,01
2066,02.01.2022,13,17,24,32,35,01
2067,03.01.2022,04,06,23,31,33,03
2068,04.01.2022,10,24,26,28,32,02
2069,05.01.2022,02,04,05,28,30,02
2070,06.01.2022,01,09,10,22,23,01
2071,07.01.2022,07,08,19,28,35,01
2072,08.01.2022,06,22,24,26,28,02
2073,09.01.2022,04,09,11,20,26,02
2074,10.01.2022,09,15,16,24,25,03
2075,11.01.2022,01,02,13,19,34,04
2076,12.01.2022,02,06,14,22,33,01
2077,13.01.2022,16,17,19,24,35,01
2078,14.01.2022,09,13,16,24,34,02
2079,15.01.2022,01,10,17,29,32,02
2080,16.01.2022,14,19,20,29,35,01
2081,17.01.2022,08,22,26,30,34,02
2082,18.01.2022,05,08,12,13,21,03
2083,19.01.2022,03,07,11,13,33,01
2084,20.01.2022,09,19,24,27,28,03
2085,21.01.2022,05,11,17,29,33,04
2086,22.01.2022,11,12,26,28,31,03
2087,23.01.2022,02,04,16,28,35,04
2088,24.01.2022,13,14,17,21,23,02
2089,25.01.2022,01,05,16,21,22,02
2090,26.01.2022,07,13,16,25,32,04
2091,27.01.2022,08,09,14,17,26,02
2092,28.01.2022,02,08,14,29,31,02
2093,29.01.2022,01,05,18,19,31,01
2094,30.01.2022,02,06,09,15,20,03
2095,31.01.2022,05,14,16,22,26,04
2096,01.02.2022,02,03,08,25,33,04
2097,02.02.2022,01,07,17,23,30,02
2098,03.02.2022,10,17,25,28,35,03
2099,04.02.2022,04,07,09,10,16,03
2100,05.02.2022,01,03,27,29,32,01
2101,06.02.2022,02,08,09,10,13,01
2102,07.02.2022,05,07,20,29,34,03
2103,08.02.2022,09,14,20,23,29,04
2104,09.02.2022,14,16,27,30,33,03
2105,10.02.2022,09,24,26,33,34,03
2106,11.02.2022,05,11,17,20,29,04
2107,12.02.2022,02,11,24,32,35,01
2108,13.02.2022,11,20,24,25,34,03
2109,14.02.2022,07,08,21,28,33,01
2110,15.02.2022,19,22,25,27,34,02
2111,16.02.2022,10,22,30,32,34,04
2112,17.02.2022,01,13,22,23,32,02
2113,18.02.2022,03,05,22,25,32,04
2114,19.02.2022,03,04,10,14,27,01
2115,20.02.2022,01,07,08,16,33,03
2116,21.02.2022,02,21,26,32,35,02
2117,22.02.2022,01,14,21,32,34,01
2118,23.02.2022,09,12,20,21,26,02
2119,24.02.2022,12,13,20,27,28,02
2120,25.02.2022,03,04,25,30,31,03
2121,26.02.2022,02,12,17,27,33,02
2122,27.02.2022,09,11,14,29,32,03
2123,28.02.2022,10,19,24,29,33,04
2124,01.03.2022,04,10,20,23,34,01
2125,02.03.2022,12,20,22,25,28,03
2126,03.03.2022,12,14,17,27,31,02
2127,04.03.2022,05,12,16,23,29,04
2128,05.03.2022,15,19,24,30,35,01
2129,06.03.2022,09,10,20,23,31,01
2130,07.03.2022,06,08,12,23,24,04
2131,08.03.2022,02,04,10,20,29,04
2132,09.03.2022,02,03,04,16,33,01
2133,10.03.2022,01,03,16,33,34,01
2134,11.03.2022,14,16,28,29,30,03
2135,12.03.2022,02,03,08,33,34,01
2136,13.03.2022,02,06,23,32,34,01
2137,14.03.2022,01,02,03,09,26,04
2138,15.03.2022,03,10,12,22,27,02
2139,16.03.2022,06,10,26,27,28,03
2140,17.03.2022,07,09,10,19,33,03
2141,18.03.2022,01,22,23,27,29,01
2142,19.03.2022,02,04,07,24,28,03
2143,20.03.2022,01,05,22,25,31,04
2144,21.03.2022,02,11,17,18,19,02
2145,22.03.2022,01,03,04,23,24,02
2146,23.03.2022,07,10,29,32,34,01
2147,24.03.2022,07,08,10,13,18,03
2148,25.03.2022,03,09,10,20,32,04
2149,26.03.2022,05,19,29,30,35,04
2150,27.03.2022,02,08,17,30,34,01
2151,28.03.2022,01,04,18,31,33,01
2152,29.03.2022,06,18,21,22,28,03
2153,30.03.2022,01,03,09,22,26,02
2154,31.03.2022,03,22,23,26,31,01
2155,01.04.2022,03,05,07,13,22,01
2156,02.04.2022,11,17,27,30,31,04
2157,03.04.2022,14,18,21,23,35,03
2158,04.04.2022,02,04,05,13,34,03
2159,05.04.2022,07,08,10,18,28,03
2160,06.04.2022,02,06,27,30,32,03
2161,07.04.2022,06,15,17,30,32,04
2162,08.04.2022,11,14,29,31,35,03
2163,09.04.2022,05,20,24,27,30,02
2164,10.04.2022,07,10,18,19,24,03
2165,11.04.2022,06,13,18,25,26,04
2166,12.04.2022,03,04,19,30,34,01
2167,13.04.2022,13,15,16,20,33,01
2168,14.04.2022,03,13,15,31,34,01
2169,15.04.2022,19,23,27,33,35,03
2170,16.04.2022,01,17,21,24,34,04
2171,17.04.2022,04,15,16,28,32,01
2172,18.04.2022,06,13,24,25,28,03
2173,19.04.2022,08,12,14,15,32,03
2174,20.04.2022,07,08,18,19,21,02
2175,21.04.2022,03,21,23,29,32,03
2176,22.04.2022,11,18,19,24,25,02
2177,23.04.2022,01,08,16,28,33,02
2178,24.04.2022,09,15,18,20,34,01
2179,25.04.2022,08,14,20,31,32,03
2180,26.04.2022,03,05,14,22,33,03
2181,27.04.2022,01,16,19,21,26,01
2182,28.04.2022,10,11,13,18,35,01
2183,29.04.2022,15,18,23,31,33,03
2184,30.04.2022,20,22,25,31,32,02
2185,01.05.2022,01,11,15,16,30,01
2186,02.05.2022,13,16,18,23,35,02
2187,03.05.2022,13,14,18,32,34,04
2188,04.05.2022,04,17,26,28,30,03
2189,05.05.2022,09,12,15,28,30,03
2190,06.05.2022,06,12,15,19,33,02
2191,07.05.2022,02,05,06,23,32,01
2192,08.05.2022,04,22,25,28,30,02
2193,09.05.2022,02,05,06,12,19,01
2194,10.05.2022,04,05,17,23,24,02
2195,11.05.2022,03,04,18,19,25,02
2196,12.05.2022,02,04,05,09,15,03
2197,13.05.2022,09,10,16,26,31,01
2198,14.05.2022,07,09,16,20,27,03
2199,15.05.2022,02,04,06,10,34,01
2200,16.05.2022,06,08,19,25,31,04
2201,17.05.2022,02,23,29,31,33,03
2202,18.05.2022,05,16,24,32,35,03
2203,19.05.2022,05,07,12,18,29,03
2204,20.05.2022,11,19,25,29,33,02
2205,21.05.2022,08,14,21,24,32,03
2206,22.05.2022,05,11,18,25,27,02
2207,23.05.2022,05,22,23,26,31,01
2208,24.05.2022,11,15,16,17,33,03
2209,25.05.2022,07,09,12,20,29,01
2210,26.05.2022,02,03,06,17,20,03
2211,27.05.2022,03,08,13,21,35,04
2212,28.05.2022,01,07,11,12,26,04
2213,29.05.2022,02,10,15,17,23,03
2214,30.05.2022,11,20,22,26,29,04
2215,31.05.2022,03,08,13,24,26,01
2216,01.06.2022,16,17,22,28,35,01
2217,02.06.2022,07,11,23,28,34,04
2218,03.06.2022,07,22,23,24,30,03
2219,04.06.2022,01,04,13,16,32,04
2220,05.06.2022,02,04,16,23,24,01
2221,06.06.2022,07,24,25,27,33,02
2222,07.06.2022,08,18,29,30,35,03
2223,08.06.2022,05,09,15,26,29,01
2224,09.06.2022,11,25,27,30,32,01
2225,10.06.2022,11,13,14,25,27,01
2226,11.06.2022,14,18,26,29,33,04
2227,12.06.2022,03,24,28,30,35,02
2228,13.06.2022,01,05,09,17,19,01
2229,14.06.2022,02,10,21,27,34,04
2230,15.06.2022,12,13,31,32,34,02
2231,16.06.2022,17,18,29,30,31,03
2232,17.06.2022,06,18,25,28,34,04
2233,18.06.2022,06,08,10,22,35,04
2234,19.06.2022,06,17,20,24,28,03
2235,20.06.2022,04,05,12,31,32,03
2236,21.06.2022,01,11,15,21,34,01
2237,22.06.2022,06,12,16,17,23,01
2238,23.06.2022,11,12,17,28,34,02
2239,24.06.2022,03,04,09,28,35,04
2240,25.06.2022,06,09,11,14,29,03
2241,26.06.2022,02,06,10,25,35,04
2242,27.06.2022,05,20,27,30,33,04
2243,28.06.2022,01,03,12,27,31,01
2244,29.06.2022,04,06,07,13,35,02
2245,30.06.2022,05,14,17,19,20,01
2246,01.07.2022,12,21,22,23,32,01
2247,02.07.2022,01,02,22,32,33,04
2248,03.07.2022,21,27,31,32,33,04
2249,04.07.2022,05,06,09,25,30,03
2250,05.07.2022,08,19,28,34,35,02
2251,06.07.2022,10,20,22,28,35,04
2252,07.07.2022,11,18,25,30,32,01
2253,08.07.2022,09,12,15,22,27,04
2254,09.07.2022,06,08,11,16,25,02
2255,10.07.2022,03,10,12,16,22,03
2256,11.07.2022,06,08,11,28,31,01
2257,12.07.2022,07,24,25,27,32,01
2258,13.07.2022,14,18,21,29,35,01
2259,14.07.2022,04,26,28,30,34,04
2260,15.07.2022,01,21,24,26,29,01
2261,16.07.2022,01,11,28,31,32,04
2262,17.07.2022,18,27,31,32,34,03
2263,18.07.2022,05,07,15,30,31,01
2264,19.07.2022,05,07,23,24,33,04
2265,20.07.2022,01,04,07,21,33,02
2266,21.07.2022,01,05,18,27,30,01
2267,22.07.2022,19,22,26,30,32,04
2268,23.07.2022,03,09,20,29,30,04
2269,24.07.2022,04,09,16,25,32,04
2270,25.07.2022,03,09,10,34,35,03
2271,26.07.2022,03,05,17,26,28,04
2272,27.07.2022,02,10,12,14,20,02
2273,28.07.2022,04,15,19,22,28,01
2274,29.07.2022,01,11,22,24,32,01
2275,30.07.2022,07,08,09,16,28,02
2276,31.07.2022,02,09,21,22,30,03
2277,01.08.2022,01,07,09,18,30,03
2278,02.08.2022,05,19,21,23,28,03
2279,03.08.2022,03,06,15,29,32,01
2280,04.08.2022,06,15,19,31,35,04
2281,05.08.2022,09,13,22,31,33,01
2282,06.08.2022,02,06,07,10,24,02
2283,07.08.2022,09,11,13,17,30,02
2284,08.08.2022,01,14,15,21,27,03
2285,09.08.2022,02,04,18,30,32,03
2286,10.08.2022,18,20,22,27,28,01
2287,11.08.2022,02,04,31,32,35,04
2288,12.08.2022,05,13,15,26,33,04
2289,13.08.2022,02,04,05,16,17,01
2290,14.08.2022,08,10,23,26,33,04
2291,15.08.2022,17,20,27,32,33,03
2292,16.08.2022,01,17,21,22,32,01
2293,17.08.2022,07,12,13,26,28,03
2294,18.08.2022,03,18,21,26,31,01
2295,19.08.2022,15,16,17,25,33,04
2296,20.08.2022,02,08,11,33,34,01
2297,21.08.2022,01,04,13,28,30,01
2298,22.08.2022,01,13,23,26,27,03
2299,23.08.2022,03,10,13,17,21,04
2300,24.08.2022,12,17,20,24,29,02
2301,25.08.2022,08,17,22,33,35,02
2302,26.08.2022,05,12,15,21,35,03
2303,27.08.2022,15,22,23,28,32,03
2304,28.08.2022,17,18,20,24,26,03
2305,29.08.2022,01,05,16,25,33,04
2306,30.08.2022,04,27,28,30,34,01
2307,31.08.2022,08,16,17,31,35,01
2308,01.09.2022,10,12,15,31,34,04
2309,02.09.2022,03,26,28,29,33,04
2310,03.09.2022,05,06,23,27,29,04
2311,04.09.2022,14,16,29,32,33,01
2312,05.09.2022,06,10,22,29,31,03
2313,06.09.2022,03,07,11,25,31,04
2314,07.09.2022,04,12,15,30,35,04
2315,08.09.2022,12,15,22,32,35,03
2316,09.09.2022,02,03,15,24,29,04
2317,10.09.2022,08,10,25,28,29,02
2318,11.09.2022,05,06,19,23,30,01
2319,12.09.2022,01,03,18,20,21,02
2320,13.09.2022,15,20,23,32,33,03
2321,14.09.2022,08,10,12,20,21,04
2322,15.09.2022,04,06,18,23,35,03
2323,16.09.2022,01,02,23,24,30,04
2324,17.09.2022,04,12,18,31,34,03
2325,18.09.2022,14,15,22,25,34,04
2326,19.09.2022,02,04,06,12,29,02
2327,20.09.2022,03,06,21,26,33,01
2328,21.09.2022,10,16,29,31,34,04
2329,22.09.2022,11,25,26,29,30,04
2330,23.09.2022,14,17,18,22,28,04
2331,24.09.2022,01,07,08,28,32,01
2332,25.09.2022,02,03,09,11,28,03
2333,26.09.2022,01,04,20,26,27,04
2334,27.09.2022,03,06,10,13,23,01
2335,28.09.2022,06,16,20,31,33,04
2336,29.09.2022,14,17,29,30,31,04
2337,30.09.2022,04,09,21,26,35,04
2338,01.10.2022,02,13,16,30,32,04
2339,02.10.2022,02,05,12,17,21,01
2340,03.10.2022,07,08,29,31,34,04
2341,04.10.2022,01,06,11,25,28,03
2342,05.10.2022,04,07,13,25,27,01
2343,06.10.2022,06,11,14,16,22,03
2344,07.10.2022,02,05,25,29,35,01
2345,08.10.2022,03,14,16,32,33,04
2346,09.10.2022,03,11,14,16,17,04
2347,10.10.2022,17,20,25,28,32,01
2348,11.10.2022,03,17,19,29,32,03
2349,12.10.2022,05,13,28,30,32,04
2350,13.10.2022,07,17,24,30,35,04
2351,14.10.2022,02,04,13,19,33,04
2352,15.10.2022,01,11,14,31,32,04
2353,16.10.2022,01,07,12,19,24,04
2354,17.10.2022,02,14,16,22,31,04
2355,18.10.2022,04,11,19,32,33,02
2356,19.10.2022,06,21,25,32,33,03
2357,20.10.2022,03,14,22,24,29,04
2358,21.10.2022,04,12,20,25,27,01
2359,22.10.2022,13,14,19,26,35,03
2360,23.10.2022,03,10,20,23,32,03
2361,24.10.2022,02,12,14,18,32,03
2362,25.10.2022,05,07,10,29,34,04
2363,26.10.2022,15,22,29,33,34,04
2364,27.10.2022,11,17,25,30,33,04
2365,28.10.2022,10,12,15,19,25,01
2366,29.10.2022,09,10,13,22,29,04
2367,30.10.2022,03,14,28,31,32,04
2368,31.10.2022,15,18,25,31,33,01
2369,01.11.2022,02,18,28,29,32,03
2370,02.11.2022,07,15,25,26,31,02
2371,03.11.2022,05,06,09,23,25,01
2372,04.11.2022,15,20,22,27,29,03
2373,05.11.2022,01,03,24,25,33,01
2374,06.11.2022,05,06,26,27,30,01
2375,07.11.2022,05,10,12,16,32,01
2376,08.11.2022,02,22,29,30,31,02
2377,09.11.2022,03,10,12,14,25,02
2378,10.11.2022,05,07,18,26,27,01
2379,11.11.2022,04,11,13,27,34,03
2380,12.11.2022,01,14,21,30,31,03
2381,13.11.2022,11,14,21,27,29,01
2382,14.11.2022,05,14,25,30,33,02
2383,15.11.2022,08,14,16,23,31,01
2384,16.11.2022,04,10,11,12,16,01
2385,17.11.2022,08,17,24,26,35,03
2386,18.11.2022,03,11,15,23,31,03
2387,19.11.2022,13,17,21,25,29,01
2388,20.11.2022,13,15,19,20,33,04
2389,21.11.2022,03,04,13,19,30,02
2390,22.11.2022,08,09,11,12,13,01
2391,23.11.2022,10,12,13,22,32,01
2392,24.11.2022,01,17,24,27,30,02
2393,25.11.2022,04,15,18,21,30,04
2394,26.11.2022,01,17,21,22,32,01
2395,27.11.2022,01,21,25,29,34,01
2396,28.11.2022,06,13,17,24,27,01
2397,29.11.2022,13,19,20,27,28,03
2398,30.11.2022,03,05,25,27,33,02
2399,01.12.2022,04,05,10,27,34,04
2400,02.12.2022,10,13,19,26,30,02
2401,03.12.2022,03,18,24,29,30,01
2402,04.12.2022,09,10,11,16,32,02
2403,05.12.2022,15,20,27,32,33,03
2404,06.12.2022,01,23,27,28,35,04
2405,07.12.2022,02,07,22,25,27,01
2406,08.12.2022,02,07,11,31,34,01
2407,09.12.2022,08,09,10,20,27,03
2408,10.12.2022,05,25,27,33,34,03
2409,11.12.2022,03,17,22,26,32,04
2410,12.12.2022,11,23,28,29,31,03
2411,13.12.2022,06,07,12,17,21,03
2412,14.12.2022,03,12,22,23,35,01
2413,15.12.2022,04,08,09,11,18,03
2414,16.12.2022,03,10,15,16,31,01
2415,17.12.2022,04,05,06,07,16,01
2416,18.12.2022,08,20,24,25,35,04
2417,19.12.2022,03,05,07,16,18,04
2418,20.12.2022,12,17,24,26,35,01
2419,21.12.2022,05,13,17,18,33,01
2420,22.12.2022,11,13,23,32,33,03
2421,23.12.2022,01,12,16,17,19,01
2422,24.12.2022,04,08,11,12,23,04
2423,25.12.2022,01,02,16,27,35,02
2424,26.12.2022,15,16,22,26,32,01
2425,27.12.2022,12,14,25,32,33,03
2426,28.12.2022,01,03,17,18,25,03
2427,29.12.2022,05,09,19,31,34,04
2428,30.12.2022,01,05,19,27,31,01
2429,31.12.2022,14,15,17,19,32,04
2430,01.01.2023,16,23,24,28,32,02
2431,02.01.2023,07,11,19,23,31,03
2432,03.01.2023,06,09,27,30,33,01
2433,04.01.2023,16,17,22,28,35,01
2434,05.01.2023,05,15,20,22,34,01
2435,06.01.2023,05,12,13,20,25,04
2436,07.01.2023,05,20,26,31,35,01
2437,08.01.2023,02,10,11,28,29,01
2438,09.01.2023,06,07,15,19,32,03
2439,10.01.2023,10,14,22,29,34,04
2440,11.01.2023,02,10,17,23,33,01
2441,12.01.2023,11,17,20,25,33,02
2442,13.01.2023,01,08,11,12,31,04
2443,14.01.2023,04,09,18,30,35,01
2444,15.01.2023,02,09,13,16,33,04
2445,16.01.2023,03,06,26,31,33,04
2446,17.01.2023,01,04,09,12,30,03
2447,18.01.2023,07,10,18,28,33,04
2448,19.01.2023,07,15,23,31,35,02
2449,20.01.2023,01,02,09,16,21,03
2450,21.01.2023,08,14,22,27,28,04
2451,22.01.2023,04,11,14,29,30,01
2452,23.01.2023,09,14,27,28,34,02
2453,24.01.2023,01,16,20,26,32,02
2454,25.01.2023,02,11,20,21,23,03
2455,26.01.2023,01,02,18,23,24,03
2456,27.01.2023,09,10,23,24,29,03
2457,28.01.2023,03,14,15,20,26,03
2458,29.01.2023,02,14,15,20,27,02
2459,30.01.2023,25,26,27,30,31,01
2460,31.01.2023,08,19,27,30,32,03
2461,01.02.2023,14,18,20,22,26,01
2462,02.02.2023,10,15,16,17,34,01
2463,03.02.2023,01,02,09,14,23,01
2464,04.02.2023,08,11,13,28,33,02
2465,05.02.2023,11,18,25,28,32,03
2466,06.02.2023,07,11,15,16,17,02
2467,07.02.2023,04,10,20,33,35,01
2468,08.02.2023,01,12,15,16,35,03
2469,09.02.2023,13,20,28,30,35,02
2470,10.02.2023,01,16,18,21,29,03
2471,11.02.2023,08,12,20,26,35,02
2472,12.02.2023,07,16,32,34,35,02
2473,13.02.2023,10,28,29,33,35,01
2474,14.02.2023,01,06,09,24,30,01
2475,15.02.2023,09,20,22,24,27,04
2476,16.02.2023,06,09,14,20,23,02
2477,17.02.2023,04,20,21,25,28,04
2478,18.02.2023,18,19,26,27,31,02
2479,19.02.2023,01,15,21,27,28,01
2480,20.02.2023,02,05,23,28,29,01
2481,21.02.2023,07,17,22,23,34,02
2482,22.02.2023,05,18,22,26,32,02
2483,23.02.2023,17,20,24,29,34,04
2484,24.02.2023,01,03,18,26,35,04
2485,25.02.2023,03,07,10,15,28,03
2486,26.02.2023,05,06,25,29,32,01
2487,27.02.2023,03,10,27,34,35,04
2488,28.02.2023,09,16,17,20,31,03
2489,01.03.2023,06,07,13,27,28,03
2490,02.03.2023,04,24,30,31,33,04
2491,03.03.2023,12,22,24,30,34,03
2492,04.03.2023,14,17,25,28,34,03
2493,05.03.2023,07,08,27,29,34,04
2494,06.03.2023,12,18,19,30,32,04
2495,07.03.2023,09,10,13,16,17,01
2496,08.03.2023,01,07,17,30,34,04
2497,09.03.2023,13,15,16,25,34,03
2498,10.03.2023,07,11,18,21,34,02
2499,11.03.2023,02,07,22,27,34,02
2500,12.03.2023,06,09,10,13,15,03
2501,13.03.2023,06,15,19,23,34,03
2502,14.03.2023,09,17,23,26,34,04
2503,15.03.2023,07,15,23,28,29,04
2504,16.03.2023,08,19,24,27,28,02
2505,17.03.2023,12,14,17,19,31,01
2506,18.03.2023,14,16,27,28,34,01
2507,19.03.2023,09,12,16,22,25,01
2508,20.03.2023,02,08,16,26,30,03
2509,21.03.2023,06,08,29,30,33,03
2510,22.03.2023,07,08,20,33,35,02
2511,23.03.2023,07,15,24,31,34,03
2512,24.03.2023,05,11,14,18,20,03
2513,25.03.2023,03,11,25,32,35,03
2514,26.03.2023,03,07,11,14,24,04
2515,27.03.2023,09,10,15,18,21,01
2516,28.03.2023,09,11,21,26,32,02
2517,29.03.2023,01,12,15,16,30,03
2518,30.03.2023,03,07,16,22,28,04
2519,31.03.2023,11,13,29,31,32,03
2520,01.04.2023,13,23,24,26,30,01
2521,02.04.2023,03,04,05,12,29,02
2522,03.04.2023,10,11,17,20,21,01
2523,04.04.2023,01,12,21,26,31,02
2524,05.04.2023,07,12,22,24,34,04
2525,06.04.2023,05,16,21,26,33,04
2526,07.04.2023,04,13,25,31,32,04
2527,08.04.2023,02,25,29,32,33,02
2528,09.04.2023,02,06,08,11,21,02
2529,10.04.2023,10,16,21,26,35,01
2530,11.04.2023,01,03,09,27,28,02
2531,12.04.2023,04,09,12,14,22,04
2532,13.04.2023,05,12,19,20,34,02
2533,14.04.2023,04,06,16,23,33,01
2534,15.04.2023,06,07,15,25,28,04
2535,16.04.2023,10,13,16,22,31,04
2536,17.04.2023,08,09,10,19,32,02
2537,18.04.2023,10,13,17,22,23,01
2538,19.04.2023,07,22,23,28,35,01
2539,20.04.2023,14,20,25,27,31,01
2540,21.04.2023,07,12,13,20,29,04
2541,22.04.2023,03,24,25,29,33,01
2542,23.04.2023,04,20,22,29,32,02
2543,24.04.2023,01,08,10,22,29,01
2544,25.04.2023,15,20,21,23,35,03
2545,26.04.2023,03,04,10,21,25,04
2546,27.04.2023,12,16,33,34,35,04
2547,28.04.2023,03,07,10,12,18,02
2548,29.04.2023,01,03,10,14,29,01
2549,30.04.2023,04,06,15,21,25,02
2550,01.05.2023,03,08,16,33,35,03
2551,02.05.2023,02,17,19,25,33,04
2552,03.05.2023,11,12,18,22,24,04
2553,04.05.2023,01,06,14,16,17,03
2554,05.05.2023,08,15,22,28,34,03
2555,06.05.2023,04,07,17,20,31,03
2556,07.05.2023,07,14,19,23,27,03
2557,08.05.2023,01,06,11,24,27,01
2558,09.05.2023,02,10,25,33,35,03
2559,10.05.2023,03,05,06,10,16,02
2560,11.05.2023,01,02,20,24,25,04
2561,12.05.2023,16,19,26,30,31,03
2562,13.05.2023,07,09,11,34,35,02
2563,14.05.2023,06,14,19,29,32,03
2564,15.05.2023,05,09,19,21,28,04
2565,16.05.2023,10,11,15,23,33,04
2566,17.05.2023,06,11,12,15,16,01
2567,18.05.2023,09,21,27,30,34,04
2568,19.05.2023,04,23,26,28,29,02
2569,20.05.2023,05,10,22,29,33,03
2570,21.05.2023,09,10,23,28,33,01
2571,22.05.2023,04,09,14,15,30,03
2572,23.05.2023,03,18,23,30,34,03
2573,24.05.2023,14,18,21,22,23,03
2574,25.05.2023,05,10,16,19,28,02
2575,26.05.2023,13,19,21,28,33,02
2576,27.05.2023,02,10,11,24,28,03
2577,28.05.2023,09,10,26,31,35,03
2578,29.05.2023,12,13,24,25,35,03
2579,30.05.2023,01,02,15,20,21,01
2580,31.05.2023,01,04,10,17,33,02
2581,01.06.2023,04,06,08,10,31,02
2582,02.06.2023,05,07,23,28,35,02
2583,03.06.2023,04,05,14,21,35,01
2584,04.06.2023,02,12,15,19,28,03
2585,05.06.2023,05,06,08,19,33,04
2586,06.06.2023,04,07,09,14,30,03
2587,07.06.2023,06,08,13,28,35,04
2588,08.06.2023,08,19,27,28,31,03
2589,09.06.2023,15,22,25,29,32,04
2590,10.06.2023,01,10,14,18,20,02
2591,11.06.2023,02,04,09,23,32,01
2592,12.06.2023,10,12,17,31,33,03
2593,13.06.2023,01,14,15,19,32,01
2594,14.06.2023,03,06,11,14,20,03
2595,15.06.2023,01,14,20,25,33,03
2596,16.06.2023,05,08,17,27,29,02
2597,17.06.2023,01,03,16,19,31,03
2598,18.06.2023,03,05,09,25,26,03
2599,19.06.2023,05,07,08,19,27,01
2600,20.06.2023,10,13,20,26,27,02
2601,21.06.2023,16,17,20,22,33,02
2602,22.06.2023,06,07,14,24,33,03
2603,23.06.2023,01,17,24,29,31,04
2604,24.06.2023,02,05,08,09,23,03
2605,25.06.2023,10,16,20,22,26,04
2606,26.06.2023,05,08,18,21,35,01
2607,27.06.2023,07,13,14,19,24,02
2608,28.06.2023,12,19,27,30,33,03
2609,29.06.2023,04,15,19,20,27,02
2610,30.06.2023,01,04,06,21,27,02
2611,01.07.2023,01,02,12,16,17,01
2612,02.07.2023,05,06,10,29,32,03
2613,03.07.2023,01,19,30,32,34,03
2614,04.07.2023,01,06,11,30,31,01
2615,05.07.2023,10,11,13,22,30,03
2616,06.07.2023,01,14,20,31,32,01
2617,07.07.2023,02,11,18,22,35,01
2618,08.07.2023,05,09,10,27,34,03
2619,09.07.2023,01,11,14,26,31,04
2620,10.07.2023,02,08,12,19,28,04
2621,11.07.2023,12,18,23,32,34,01
2622,12.07.2023,14,16,17,25,32,02
2623,13.07.2023,08,10,21,25,32,01
2624,14.07.2023,04,09,12,13,31,04
2625,15.07.2023,11,15,16,33,34,01
2626,16.07.2023,15,17,21,34,35,04
2627,17.07.2023,03,11,12,18,19,04
2628,18.07.2023,10,15,24,30,32,01
2629,19.07.2023,05,16,17,22,28,04
2630,20.07.2023,03,10,14,16,34,01
2631,21.07.2023,02,16,19,22,33,01
2632,22.07.2023,01,04,06,07,27,01
2633,23.07.2023,01,12,16,31,33,02
2634,24.07.2023,06,13,16,17,29,02
2635,25.07.2023,01,03,20,26,32,01
2636,26.07.2023,01,06,22,24,25,03
2637,27.07.2023,01,08,11,26,33,02
2638,28.07.2023,11,18,19,20,30,02
2639,29.07.2023,02,07,18,20,24,01
2640,30.07.2023,05,07,08,10,28,04
2641,31.07.2023,11,15,19,28,29,04
2642,01.08.2023,19,24,27,32,34,02
2643,02.08.2023,05,16,32,33,35,02
2644,03.08.2023,08,10,20,21,29,04
2645,04.08.2023,08,17,18,32,35,01
2646,05.08.2023,02,16,19,23,24,01
2647,06.08.2023,07,08,15,19,21,02
2648,07.08.2023,10,15,24,26,33,03
2649,08.08.2023,05,18,30,33,35,01
2650,09.08.2023,06,11,16,17,22,01
2651,10.08.2023,09,12,18,22,28,02
2652,11.08.2023,06,17,23,24,35,03
2653,12.08.2023,03,06,14,18,22,01
2654,13.08.2023,09,10,14,18,28,04
2655,14.08.2023,08,13,14,23,35,03
2656,15.08.2023,06,10,17,27,34,04
2657,16.08.2023,16,17,20,23,32,04
2658,17.08.2023,16,22,31,33,34,02
2659,18.08.2023,13,20,23,29,31,01
2660,19.08.2023,01,05,12,22,26,03
2661,20.08.2023,11,17,21,25,31,02
2662,21.08.2023,01,05,10,12,16,03
2663,22.08.2023,05,10,13,21,34,02
2664,23.08.2023,02,08,09,13,23,04
2665,24.08.2023,01,04,05,08,15,02
2666,25.08.2023,03,13,23,29,35,02
2667,26.08.2023,15,16,22,26,35,01
2668,27.08.2023,07,09,13,16,21,02
2669,28.08.2023,10,12,13,16,27,03
2670,29.08.2023,05,12,25,30,32,02
2671,30.08.2023,07,12,16,19,21,04
2672,31.08.2023,07,18,19,29,33,02
2673,01.09.2023,03,05,08,15,19,01
2674,02.09.2023,12,13,16,22,27,02
2675,03.09.2023,01,07,20,21,33,01
2676,04.09.2023,01,02,06,07,28,04
2677,05.09.2023,08,10,13,29,30,03
2678,06.09.2023,04,05,06,16,35,03
2679,07.09.2023,07,28,29,31,32,03
2680,08.09.2023,08,09,18,24,25,02
2681,09.09.2023,15,18,19,31,34,01
2682,10.09.2023,04,05,08,23,28,04
2683,11.09.2023,03,06,13,24,34,02
2684,12.09.2023,08,16,30,33,34,01
2685,13.09.2023,08,10,11,24,26,02
2686,14.09.2023,13,21,28,29,31,03
2687,15.09.2023,10,11,14,23,24,04
2688,16.09.2023,04,12,15,27,30,02
2689,17.09.2023,08,11,16,24,35,01
2690,18.09.2023,09,16,27,28,29,01
2691,19.09.2023,05,29,30,31,32,02
2692,20.09.2023,06,10,12,13,31,04
2693,21.09.2023,06,16,19,27,35,03
2694,22.09.2023,06,08,18,26,29,01
2695,23.09.2023,02,10,18,28,32,04
2696,24.09.2023,12,16,21,24,32,01
2697,25.09.2023,11,15,26,32,33,02
2698,26.09.2023,02,07,11,32,34,04
2699,27.09.2023,05,07,16,19,34,02
2700,28.09.2023,02,11,12,17,35,02
2701,29.09.2023,09,13,29,31,35,01
2702,30.09.2023,02,21,23,29,32,02
2703,01.10.2023,05,13,18,30,31,01
2704,02.10.2023,05,06,18,28,34,04
2705,03.10.2023,04,07,08,18,28,01
2706,04.10.2023,04,10,12,16,30,02
2707,05.10.2023,07,11,12,30,31,03
2708,06.10.2023,02,05,13,23,24,03
2709,07.10.2023,01,12,13,18,20,01
2710,08.10.2023,09,16,18,22,27,02
2711,09.10.2023,12,14,27,29,31,02
2712,10.10.2023,02,16,30,31,33,04
2713,11.10.2023,10,11,14,26,34,04
2714,12.10.2023,13,15,17,30,33,02
2715,13.10.2023,02,12,15,27,28,04
2716,14.10.2023,01,07,17,18,34,02
2717,15.10.2023,07,11,12,23,29,02
2718,16.10.2023,18,27,28,29,33,02
2719,17.10.2023,03,04,10,18,24,03
2720,18.10.2023,02,08,10,18,32,01
2721,19.10.2023,06,16,21,30,35,02
2722,20.10.2023,01,15,16,32,33,03
2723,21.10.2023,14,19,24,28,32,04
2724,22.10.2023,05,06,16,26,28,01
2725,23.10.2023,05,10,22,26,27,02
2726,24.10.2023,04,13,14,19,24,03
2727,25.10.2023,04,05,07,12,24,01
2728,26.10.2023,04,12,13,14,26,02
2729,27.10.2023,04,12,14,21,28,01
2730,28.10.2023,11,12,15,20,30,01
2731,29.10.2023,01,03,05,31,34,04
2732,30.10.2023,04,07,17,19,22,03
2733,31.10.2023,13,23,24,32,33,02
2734,01.11.2023,04,15,23,26,31,02
2735,02.11.2023,10,13,19,27,33,01
2736,03.11.2023,04,07,13,28,35,01
2737,04.11.2023,04,16,26,30,31,01
2738,05.11.2023,04,10,11,29,30,02
2739,06.11.2023,16,18,22,24,32,02
2740,07.11.2023,01,12,17,24,27,01
2741,08.11.2023,14,15,18,24,25,02
2742,09.11.2023,03,13,15,16,34,01
2743,10.11.2023,10,13,17,22,29,03
2744,11.11.2023,08,15,19,21,32,03
2745,12.11.2023,12,22,26,28,29,03
2746,13.11.2023,03,14,21,25,28,03
2747,14.11.2023,04,05,16,33,35,03
2748,15.11.2023,05,07,26,29,35,01
2749,16.11.2023,11,13,15,26,33,01
2750,17.11.2023,05,07,12,21,29,03
2751,18.11.2023,05,07,13,22,34,03
2752,19.11.2023,17,28,29,31,33,02
2753,20.11.2023,08,13,16,21,23,04
2754,21.11.2023,21,24,29,33,35,03
2755,22.11.2023,12,17,18,31,34,01
2756,23.11.2023,01,04,08,10,15,01
2757,24.11.2023,01,05,19,22,24,04
2758,25.11.2023,01,06,09,13,21,01
2759,26.11.2023,09,12,15,22,24,02
2760,27.11.2023,02,13,26,30,31,02
2761,28.11.2023,01,16,18,20,33,03
2762,29.11.2023,13,15,17,25,35,02
2763,30.11.2023,02,04,18,30,34,02
2764,01.12.2023,03,19,26,31,32,04
2765,02.12.2023,03,08,13,15,18,02
2766,03.12.2023,02,03,08,34,35,04
2767,04.12.2023,22,26,28,30,31,03
2768,05.12.2023,07,09,10,24,30,04
2769,06.12.2023,01,08,12,29,31,01
2770,07.12.2023,16,19,25,29,35,01
2771,08.12.2023,13,15,20,29,34,03
2772,09.12.2023,07,08,31,32,33,04
2773,10.12.2023,04,13,25,26,34,03
2774,11.12.2023,03,11,15,25,34,04
2775,12.12.2023,05,09,10,11,34,02
2776,13.12.2023,01,18,28,29,35,02
2777,14.12.2023,01,14,21,22,26,03
2778,15.12.2023,04,20,23,34,35,03
2779,16.12.2023,05,09,20,21,25,01
2780,17.12.2023,13,15,24,25,27,03
2781,18.12.2023,15,19,21,31,33,04
2782,19.12.2023,03,12,14,17,24,04
2783,20.12.2023,03,04,10,19,28,03
2784,21.12.2023,05,17,24,27,32,02
2785,22.12.2023,03,08,20,24,30,04
2786,23.12.2023,06,07,08,10,19,04
2787,24.12.2023,05,12,23,29,35,04
2788,25.12.2023,05,11,21,25,31,04
2789,26.12.2023,21,25,26,30,34,04
2790,27.12.2023,16,23,25,26,29,04
2791,28.12.2023,05,07,12,30,35,01
2792,29.12.2023,16,28,29,30,35,04
